{"type":"FeatureCollection","features":[{"type":"Feature","properties":{"id":0,"nome":"Alto da Ponte"},"geometry":{"type":"Polygon","coordinates":[[[-45.88309,-23.14502],[-45.87831,-23.1147],[-45.86474,-23.12321],[-45.84892,-23.14155],[-45.8565,-23.14972],[-45.86825,-23.15431],[-45.88309,-23.14502]]]}},{"type":"Feature","properties":{"id":1,"nome":"Altos da Vila Paiva"},"geometry":{"type":"Polygon","coordinates":[[[-45.93549,-23.13529],[-45.93225,-23.12981],[-45.91948,-23.13832],[-45.91346,-23.13898],[-45.91182,-23.14014],[-45.91179,-23.14218],[-45.90801,-23.1424],[-45.90755,-23.14416],[-45.91208,-23.14265],[-45.91185,-23.14577],[-45.92086,-23.1471],[-45.93549,-23.13529]]]}},{"type":"Feature","properties":{"id":3,"nome":"Altos do Caetê II"},"geometry":{"type":"Polygon","coordinates":[[[-45.99165,-23.16],[-45.97961,-23.13221],[-45.93908,-23.13984],[-45.93911,-23.14709],[-45.95511,-23.16212],[-45.97607,-23.16328],[-45.99165,-23.16]]]}},{"type":"Feature","properties":{"id":4,"nome":"Altos do Esplanada"},"geometry":{"type":"Polygon","coordinates":[[[-45.91006,-23.21423],[-45.90963,-23.21178],[-45.90712,-23.21142],[-45.90589,-23.21276],[-45.91006,-23.21423]]]}},{"type":"Feature","properties":{"id":5,"nome":"Bairro da Pernambucana"},"geometry":{"type":"Polygon","coordinates":[[[-45.85273,-23.25859],[-45.84971,-23.24848],[-45.84152,-23.24866],[-45.83859,-23.25115],[-45.83879,-23.25597],[-45.84446,-23.26638],[-45.847,-23.2674],[-45.85273,-23.25859]]]}},{"type":"Feature","properties":{"id":6,"nome":"Bom Retiro"},"geometry":{"type":"MultiPolygon","coordinates":[[[[-45.76312,-23.21859],[-45.75701,-23.20219],[-45.74632,-23.19871],[-45.74175,-23.19869],[-45.74011,-23.20224],[-45.73739,-23.2164],[-45.72075,-23.23811],[-45.73027,-23.23902],[-45.7363,-23.24673],[-45.74088,-23.24529],[-45.74833,-23.254],[-45.7535,-23.25313],[-45.75587,-23.25383],[-45.75696,-23.24074],[-45.76312,-23.21859]]],[[[-45.87781,-23.28429],[-45.87112,-23.28201],[-45.86368,-23.28382],[-45.84245,-23.30019],[-45.84148,-23.30229],[-45.8473,-23.30669],[-45.8593,-23.30488],[-45.86916,-23.29793],[-45.87681,-23.29923],[-45.87781,-23.28429]]]]}},{"type":"Feature","properties":{"id":7,"nome":"Bosque dos Eucaliptos"},"geometry":{"type":"Polygon","coordinates":[[[-45.89469,-23.236],[-45.88592,-23.23527],[-45.88175,-23.23655],[-45.87615,-23.241],[-45.87779,-23.24622],[-45.88498,-23.24743],[-45.88587,-23.25157],[-45.8844,-23.25257],[-45.88451,-23.25546],[-45.88318,-23.25667],[-45.88566,-23.2563],[-45.88782,-23.25868],[-45.88368,-23.26006],[-45.88553,-23.26374],[-45.88531,-23.26597],[-45.88401,-23.26686],[-45.88435,-23.26849],[-45.88765,-23.269],[-45.89437,-23.25949],[-45.89271,-23.25264],[-45.88981,-23.2511],[-45.88907,-23.24798],[-45.89469,-23.236]],[[-45.88506,-23.24315],[-45.88434,-23.24227],[-45.88471,-23.24051],[-45.88506,-23.24315]]]}},{"type":"Feature","properties":{"id":8,"nome":"Buquirinha"},"geometry":{"type":"Polygon","coordinates":[[[-46.07123,-23.14591],[-45.99454,-23.07249],[-45.99454,-23.07249],[-45.97855,-23.11651],[-45.97961,-23.13221],[-45.99165,-23.16],[-46.07123,-23.14591]]]}},{"type":"Feature","properties":{"id":9,"nome":"Buquirinha II"},"geometry":{"type":"Polygon","coordinates":[[[-45.91695,-23.09309],[-45.9121,-23.05524],[-45.87558,-23.08719],[-45.88435,-23.10229],[-45.91695,-23.09309]]]}},{"type":"Feature","properties":{"id":11,"nome":"Campo dos Alemães"},"geometry":{"type":"MultiPolygon","coordinates":[[[[-45.77571,-23.10741],[-45.7747,-23.10478],[-45.77085,-23.11471],[-45.76614,-23.11602],[-45.76484,-23.11054],[-45.76076,-23.11432],[-45.75684,-23.11113],[-45.75193,-23.1174],[-45.75619,-23.11867],[-45.75978,-23.12719],[-45.7579,-23.13086],[-45.7726,-23.11273],[-45.77571,-23.10741]]],[[[-45.91238,-23.27652],[-45.90121,-23.26741],[-45.89774,-23.26617],[-45.89422,-23.26762],[-45.89353,-23.26636],[-45.88986,-23.26572],[-45.8877,-23.26936],[-45.88563,-23.27009],[-45.88779,-23.27076],[-45.88908,-23.27273],[-45.89434,-23.27432],[-45.89579,-23.27619],[-45.89666,-23.27524],[-45.89888,-23.27674],[-45.9013,-23.27419],[-45.90635,-23.27615],[-45.91238,-23.27652]]]]}},{"type":"Feature","properties":{"id":12,"nome":"Campos de São José"},"geometry":{"type":"Polygon","coordinates":[[[-45.82591,-23.19981],[-45.82178,-23.1973],[-45.81939,-23.19073],[-45.8089,-23.18606],[-45.80696,-23.18667],[-45.80407,-23.18983],[-45.80383,-23.19538],[-45.80514,-23.19886],[-45.79858,-23.20525],[-45.7992,-23.20729],[-45.80381,-23.21085],[-45.80792,-23.2165],[-45.80982,-23.21695],[-45.81068,-23.22028],[-45.81287,-23.21984],[-45.81237,-23.21553],[-45.81455,-23.21675],[-45.81377,-23.21455],[-45.81588,-23.21494],[-45.81843,-23.21175],[-45.82017,-23.20669],[-45.82591,-23.19981]]]}},{"type":"Feature","properties":{"id":13,"nome":"Campus do CTA"},"geometry":{"type":"MultiPolygon","coordinates":[[[[-45.84124,-23.20899],[-45.84103,-23.20359],[-45.83852,-23.19842],[-45.83159,-23.19851],[-45.82685,-23.20008],[-45.82881,-23.21298],[-45.83013,-23.21589],[-45.83356,-23.21751],[-45.83932,-23.21368],[-45.84124,-23.20899]]],[[[-45.88415,-23.20534],[-45.88125,-23.20435],[-45.88195,-23.20122],[-45.87787,-23.20273],[-45.87427,-23.1998],[-45.87392,-23.19728],[-45.8709,-23.19509],[-45.86931,-23.19544],[-45.86607,-23.19928],[-45.8642,-23.20698],[-45.86826,-23.21618],[-45.88283,-23.20726],[-45.88415,-23.20534]]]]}},{"type":"Feature","properties":{"id":14,"nome":"Capuava"},"geometry":{"type":"Polygon","coordinates":[[[-45.80267,-23.17659],[-45.80031,-23.17435],[-45.79745,-23.17637],[-45.79809,-23.17899],[-45.79962,-23.17914],[-45.80267,-23.17659]]]}},{"type":"Feature","properties":{"id":15,"nome":"Capão Grosso II-D"},"geometry":{"type":"Polygon","coordinates":[[[-45.88434,-23.24227],[-45.88506,-23.24315],[-45.88471,-23.2405],[-45.88434,-23.24227]]]}},{"type":"Feature","properties":{"id":16,"nome":"Centro"},"geometry":{"type":"Polygon","coordinates":[[[-45.89633,-23.18415],[-45.88424,-23.17859],[-45.88051,-23.17957],[-45.87724,-23.17847],[-45.87611,-23.18144],[-45.87699,-23.182],[-45.8775,-23.18647],[-45.88137,-23.18809],[-45.88326,-23.19063],[-45.88631,-23.19056],[-45.88814,-23.19315],[-45.88995,-23.19272],[-45.89063,-23.19354],[-45.89633,-23.18415]]]}},{"type":"Feature","properties":{"id":17,"nome":"Centro (São Francisco Xavier)"},"geometry":{"type":"Polygon","coordinates":[[[-46.05758,-22.97182],[-46.05068,-22.96586],[-46.05086,-22.9398],[-46.04106,-22.92115],[-46.04417,-22.9057],[-46.0499,-22.90287],[-46.05133,-22.89584],[-46.02688,-22.88418],[-46.008,-22.88873],[-46.00124,-22.87931],[-45.99164,-22.877],[-45.99191,-22.86911],[-45.97605,-22.86495],[-45.96439,-22.85508],[-45.95975,-22.85714],[-45.95586,-22.8498],[-45.94996,-22.8454],[-45.9365,-22.84476],[-45.93462,-22.8427],[-45.95783,-22.90618],[-45.96589,-22.91169],[-45.96086,-22.91119],[-45.958,-22.90766],[-45.95329,-22.91552],[-45.88136,-22.92629],[-45.8839,-22.9296],[-45.89533,-22.9339],[-45.89397,-22.94041],[-45.88318,-22.95071],[-45.8875,-22.95726],[-45.88071,-22.96578],[-45.89018,-22.97164],[-45.89541,-22.98622],[-45.91763,-23.00032],[-45.92974,-23.01689],[-45.93786,-22.99925],[-45.98911,-23.00841],[-46.05758,-22.97182]],[[-45.95785,-22.91639],[-45.9592,-22.9126],[-45.9592,-22.9126],[-45.96012,-22.91334],[-45.95923,-22.91706],[-45.95785,-22.91639]]]}},{"type":"Feature","properties":{"id":18,"nome":"Chácara dos Coqueiros"},"geometry":{"type":"MultiPolygon","coordinates":[[[[-45.78492,-23.17002],[-45.78469,-23.16434],[-45.78469,-23.16434],[-45.78198,-23.16797],[-45.78492,-23.17002]]],[[[-45.79252,-23.16782],[-45.78866,-23.16975],[-45.78805,-23.17021],[-45.78972,-23.17114],[-45.79184,-23.17043],[-45.79252,-23.16782]]]]}},{"type":"Feature","properties":{"id":19,"nome":"Chácara dos Eucalíptos"},"geometry":{"type":"Polygon","coordinates":[[[-45.8364,-23.16862],[-45.83584,-23.16439],[-45.8295,-23.15009],[-45.82576,-23.15638],[-45.82645,-23.16257],[-45.82936,-23.16938],[-45.83486,-23.1703],[-45.8364,-23.16862]]]}},{"type":"Feature","properties":{"id":20,"nome":"Chácaras Araújo I"},"geometry":{"type":"Polygon","coordinates":[[[-45.80696,-23.18667],[-45.80303,-23.183],[-45.80241,-23.18548],[-45.80338,-23.18899],[-45.80002,-23.18783],[-45.7979,-23.1883],[-45.79612,-23.18974],[-45.79623,-23.19086],[-45.80383,-23.19538],[-45.80407,-23.18983],[-45.80696,-23.18667]]]}},{"type":"Feature","properties":{"id":21,"nome":"Chácaras Araújo II"},"geometry":{"type":"Polygon","coordinates":[[[-45.80338,-23.18899],[-45.80248,-23.18364],[-45.80019,-23.18405],[-45.79922,-23.1855],[-45.79835,-23.18415],[-45.79714,-23.18541],[-45.7979,-23.1883],[-45.80002,-23.18783],[-45.80338,-23.18899]]]}},{"type":"Feature","properties":{"id":22,"nome":"Chácaras Boa Esperança"},"geometry":{"type":"Polygon","coordinates":[[[-45.89333,-23.11485],[-45.88446,-23.10664],[-45.87831,-23.1147],[-45.88309,-23.14502],[-45.88712,-23.14452],[-45.89296,-23.14028],[-45.89333,-23.11485]]]}},{"type":"Feature","properties":{"id":23,"nome":"Chácaras Oliveiras"},"geometry":{"type":"Polygon","coordinates":[[[-45.93911,-23.14709],[-45.93908,-23.13984],[-45.93549,-23.13529],[-45.92086,-23.1471],[-45.921,-23.15074],[-45.92529,-23.15477],[-45.93097,-23.15616],[-45.93911,-23.14709]]]}},{"type":"Feature","properties":{"id":24,"nome":"Chácaras Pousada do Vale"},"geometry":{"type":"Polygon","coordinates":[[[-45.80187,-23.21984],[-45.79765,-23.21394],[-45.7992,-23.20729],[-45.79858,-23.20525],[-45.7945,-23.20483],[-45.78956,-23.21267],[-45.78615,-23.21207],[-45.78336,-23.21488],[-45.78676,-23.2196],[-45.7874,-23.22348],[-45.79513,-23.22325],[-45.79817,-23.22019],[-45.80187,-23.21984]]]}},{"type":"Feature","properties":{"id":25,"nome":"Chácaras Reunidas"},"geometry":{"type":"Polygon","coordinates":[[[-45.9372,-23.25501],[-45.93535,-23.24987],[-45.93163,-23.24823],[-45.93152,-23.24511],[-45.92598,-23.24218],[-45.9263,-23.239],[-45.92021,-23.23591],[-45.91896,-23.23988],[-45.92271,-23.24555],[-45.92004,-23.25106],[-45.91987,-23.25813],[-45.92356,-23.2617],[-45.93152,-23.25674],[-45.93374,-23.25753],[-45.9372,-23.25501]]]}},{"type":"Feature","properties":{"id":26,"nome":"Chácaras São José"},"geometry":{"type":"Polygon","coordinates":[[[-45.85163,-23.20771],[-45.84343,-23.1965],[-45.83852,-23.19842],[-45.84103,-23.20359],[-45.84124,-23.20899],[-45.84357,-23.21339],[-45.84521,-23.21335],[-45.84619,-23.20944],[-45.84836,-23.21115],[-45.85006,-23.21079],[-45.85163,-23.20771]]]}},{"type":"Feature","properties":{"id":27,"nome":"Cidade Morumbi"},"geometry":{"type":"Polygon","coordinates":[[[-45.91102,-23.25781],[-45.90889,-23.25609],[-45.90946,-23.25408],[-45.90783,-23.25256],[-45.90961,-23.24904],[-45.90713,-23.24604],[-45.90743,-23.24373],[-45.90586,-23.24376],[-45.90508,-23.24161],[-45.90436,-23.2415],[-45.90406,-23.24409],[-45.90167,-23.24573],[-45.89709,-23.24534],[-45.89609,-23.2489],[-45.89947,-23.25335],[-45.89864,-23.2555],[-45.89928,-23.25778],[-45.90641,-23.26028],[-45.90949,-23.2597],[-45.91102,-23.25781]]]}},{"type":"Feature","properties":{"id":28,"nome":"Cidade Vista Verde"},"geometry":{"type":"Polygon","coordinates":[[[-45.84142,-23.18021],[-45.83504,-23.17543],[-45.83212,-23.1757],[-45.83083,-23.17808],[-45.82703,-23.17994],[-45.82675,-23.17723],[-45.82507,-23.17549],[-45.82282,-23.1767],[-45.822,-23.17487],[-45.81623,-23.17412],[-45.81476,-23.17652],[-45.81944,-23.18732],[-45.81939,-23.19073],[-45.82178,-23.1973],[-45.82685,-23.20008],[-45.83575,-23.19821],[-45.83802,-23.18312],[-45.84142,-23.18021]]]}},{"type":"Feature","properties":{"id":29,"nome":"Condominio Spazio Campo Azuli"},"geometry":{"type":"Polygon","coordinates":[[[-45.88816,-23.17837],[-45.88702,-23.17808],[-45.88776,-23.17982],[-45.88776,-23.17982],[-45.88816,-23.17837]]]}},{"type":"Feature","properties":{"id":30,"nome":"Condomínio Bosque Imperial"},"geometry":{"type":"Polygon","coordinates":[[[-45.9084,-23.21135],[-45.90748,-23.20692],[-45.90424,-23.20886],[-45.90648,-23.21108],[-45.9084,-23.21135]]]}},{"type":"Feature","properties":{"id":31,"nome":"Condomínio Centro Empresarial Taquari"},"geometry":{"type":"Polygon","coordinates":[[[-45.90277,-23.21231],[-45.90267,-23.21048],[-45.90048,-23.20921],[-45.9,-23.21363],[-45.90277,-23.21231]]]}},{"type":"Feature","properties":{"id":32,"nome":"Condomínio Chácara Serimbura"},"geometry":{"type":"Polygon","coordinates":[[[-45.94255,-23.22044],[-45.93905,-23.2069],[-45.93631,-23.20222],[-45.93208,-23.1982],[-45.92902,-23.20107],[-45.92311,-23.20249],[-45.92484,-23.21028],[-45.9343,-23.21762],[-45.94255,-23.22044]]]}},{"type":"Feature","properties":{"id":33,"nome":"Condomínio Chácara dos Eucaliptos"},"geometry":{"type":"MultiPolygon","coordinates":[[[[-45.92961,-23.19372],[-45.92908,-23.18954],[-45.92557,-23.19275],[-45.9238,-23.19831],[-45.92961,-23.19372]]],[[[-45.94996,-23.25777],[-45.9436,-23.25275],[-45.9416,-23.25244],[-45.9396,-23.2541],[-45.94052,-23.25994],[-45.94198,-23.26046],[-45.94996,-23.25777]]]]}},{"type":"Feature","properties":{"id":34,"nome":"Condomínio Colinas do Parahyba"},"geometry":{"type":"Polygon","coordinates":[[[-45.85556,-23.07749],[-45.83706,-23.04764],[-45.80333,-23.08907],[-45.79941,-23.1015],[-45.79514,-23.10501],[-45.81193,-23.1193],[-45.82307,-23.12404],[-45.83283,-23.11291],[-45.8505,-23.0875],[-45.85556,-23.07749]]]}},{"type":"Feature","properties":{"id":35,"nome":"Condomínio Espelho D'água"},"geometry":{"type":"Polygon","coordinates":[[[-45.83283,-23.11291],[-45.85609,-23.11337],[-45.8505,-23.0875],[-45.83283,-23.11291]]]}},{"type":"Feature","properties":{"id":36,"nome":"Condomínio Esplanada do Sol"},"geometry":{"type":"Polygon","coordinates":[[[-45.91735,-23.18678],[-45.91623,-23.17816],[-45.90469,-23.17761],[-45.90092,-23.18207],[-45.90829,-23.19292],[-45.91266,-23.19535],[-45.91494,-23.19483],[-45.91735,-23.18678]]]}},{"type":"Feature","properties":{"id":38,"nome":"Condomínio Loteamento Reserva das Figueiras"},"geometry":{"type":"Polygon","coordinates":[[[-45.91685,-23.19831],[-45.91494,-23.19483],[-45.91266,-23.19535],[-45.91249,-23.19681],[-45.91685,-23.19831]]]}},{"type":"Feature","properties":{"id":39,"nome":"Condomínio Reserva do Paratehy"},"geometry":{"type":"Polygon","coordinates":[[[-45.99436,-23.18924],[-45.992,-23.17328],[-45.96293,-23.19393],[-45.96073,-23.19098],[-45.9554,-23.18906],[-45.95122,-23.19271],[-45.95513,-23.19792],[-45.96163,-23.19573],[-45.9682,-23.20163],[-45.96814,-23.19884],[-45.9801,-23.20481],[-45.98107,-23.20177],[-45.99436,-23.18924]]]}},{"type":"Feature","properties":{"id":40,"nome":"Condomínio Residencial Alphaville I"},"geometry":{"type":"Polygon","coordinates":[[[-45.95259,-23.19061],[-45.94943,-23.18606],[-45.94602,-23.18489],[-45.93972,-23.18511],[-45.93857,-23.18984],[-45.94006,-23.19218],[-45.94578,-23.19375],[-45.94989,-23.19332],[-45.95259,-23.19061]]]}},{"type":"Feature","properties":{"id":41,"nome":"Condomínio Residencial Alphaville II"},"geometry":{"type":"Polygon","coordinates":[[[-45.94791,-23.17977],[-45.94415,-23.17328],[-45.94363,-23.16974],[-45.93054,-23.16992],[-45.92756,-23.17568],[-45.93457,-23.1813],[-45.93798,-23.18274],[-45.93972,-23.18511],[-45.94567,-23.18515],[-45.94791,-23.17977]]]}},{"type":"Feature","properties":{"id":42,"nome":"Condomínio Residencial Altos da Quinta"},"geometry":{"type":"MultiPolygon","coordinates":[[[[-45.89459,-23.19446],[-45.89616,-23.19468],[-45.89519,-23.19238],[-45.89459,-23.19446]]],[[[-45.93725,-23.25878],[-45.93572,-23.25664],[-45.93382,-23.25714],[-45.93374,-23.25753],[-45.93725,-23.25878]]]]}},{"type":"Feature","properties":{"id":43,"nome":"Condomínio Residencial Campo Belo"},"geometry":{"type":"MultiPolygon","coordinates":[[[[-45.80828,-23.18078],[-45.80754,-23.17721],[-45.80519,-23.17693],[-45.80609,-23.18091],[-45.80828,-23.18078]]],[[[-45.81082,-23.18173],[-45.80868,-23.18128],[-45.8089,-23.18606],[-45.81054,-23.18629],[-45.81082,-23.18173]]]]}},{"type":"Feature","properties":{"id":44,"nome":"Condomínio Residencial Colinas do Paratehy"},"geometry":{"type":"Polygon","coordinates":[[[-45.9627,-23.16313],[-45.95511,-23.16212],[-45.94363,-23.16974],[-45.94415,-23.17328],[-45.94791,-23.17977],[-45.94633,-23.18201],[-45.94602,-23.18489],[-45.94989,-23.18649],[-45.9517,-23.18504],[-45.95015,-23.18502],[-45.9497,-23.18322],[-45.95005,-23.18249],[-45.95207,-23.18313],[-45.954,-23.18123],[-45.9514,-23.1784],[-45.95217,-23.17649],[-45.9627,-23.16313]]]}},{"type":"Feature","properties":{"id":45,"nome":"Condomínio Residencial Floresta"},"geometry":{"type":"Polygon","coordinates":[[[-45.83212,-23.1757],[-45.828,-23.17594],[-45.82639,-23.17797],[-45.827,-23.17994],[-45.83083,-23.17808],[-45.83212,-23.1757]]]}},{"type":"Feature","properties":{"id":46,"nome":"Condomínio Residencial Jaguari - Área 5"},"geometry":{"type":"Polygon","coordinates":[[[-46.10113,-23.15895],[-46.09711,-23.15232],[-46.07123,-23.14591],[-45.99207,-23.16029],[-45.992,-23.17328],[-45.99436,-23.18924],[-45.99754,-23.18624],[-46.00846,-23.19427],[-46.00724,-23.19953],[-46.01904,-23.19768],[-46.0197,-23.20227],[-46.0316,-23.19017],[-46.05227,-23.18818],[-46.05471,-23.18429],[-46.051,-23.17751],[-46.05359,-23.17574],[-46.06394,-23.17228],[-46.074,-23.17996],[-46.07701,-23.16932],[-46.09249,-23.17054],[-46.10113,-23.15895]]]}},{"type":"Feature","properties":{"id":47,"nome":"Condomínio Residencial Jaguary"},"geometry":{"type":"Polygon","coordinates":[[[-45.99207,-23.16029],[-45.98074,-23.16262],[-45.96376,-23.18355],[-45.9554,-23.18906],[-45.96073,-23.19098],[-45.96293,-23.19394],[-45.992,-23.17328],[-45.99207,-23.16029]]]}},{"type":"Feature","properties":{"id":48,"nome":"Condomínio Residencial Jardins"},"geometry":{"type":"Polygon","coordinates":[[[-45.88175,-23.23655],[-45.88117,-23.23547],[-45.8794,-23.23684],[-45.87868,-23.23456],[-45.87736,-23.24015],[-45.88175,-23.23655]]]}},{"type":"Feature","properties":{"id":49,"nome":"Condomínio Residencial Mantiqueira"},"geometry":{"type":"Polygon","coordinates":[[[-45.93225,-23.12981],[-45.92449,-23.12408],[-45.9174,-23.12421],[-45.9138,-23.13503],[-45.91092,-23.13614],[-45.91087,-23.138],[-45.91346,-23.13898],[-45.91948,-23.13832],[-45.93225,-23.12981]]]}},{"type":"Feature","properties":{"id":50,"nome":"Condomínio Residencial Monaco"},"geometry":{"type":"MultiPolygon","coordinates":[[[[-45.80793,-23.24776],[-45.80505,-23.24294],[-45.80171,-23.24686],[-45.80196,-23.24902],[-45.80793,-23.24776]]],[[[-45.95404,-23.18369],[-45.95321,-23.18257],[-45.9497,-23.18322],[-45.95015,-23.18502],[-45.95357,-23.18607],[-45.95404,-23.18369]]]]}},{"type":"Feature","properties":{"id":51,"nome":"Condomínio Residencial Mont Blanc"},"geometry":{"type":"Polygon","coordinates":[[[-45.97528,-23.16332],[-45.9627,-23.16313],[-45.95217,-23.17649],[-45.95181,-23.17939],[-45.95446,-23.18095],[-45.97528,-23.16332]]]}},{"type":"Feature","properties":{"id":52,"nome":"Condomínio Residencial Monte Carlo"},"geometry":{"type":"Polygon","coordinates":[[[-45.98074,-23.16262],[-45.97607,-23.16328],[-45.95404,-23.18369],[-45.95429,-23.18932],[-45.96376,-23.18355],[-45.98074,-23.16262]]]}},{"type":"Feature","properties":{"id":53,"nome":"Condomínio Residencial Montserrat"},"geometry":{"type":"Polygon","coordinates":[[[-45.93972,-23.18511],[-45.93798,-23.18274],[-45.92708,-23.17601],[-45.92694,-23.18468],[-45.92926,-23.18983],[-45.93454,-23.19075],[-45.93857,-23.18984],[-45.93972,-23.18511]]]}},{"type":"Feature","properties":{"id":54,"nome":"Condomínio Residencial Terra Nova"},"geometry":{"type":"MultiPolygon","coordinates":[[[[-45.88446,-23.10664],[-45.88435,-23.10229],[-45.87558,-23.08719],[-45.85556,-23.07749],[-45.8505,-23.0875],[-45.85609,-23.11337],[-45.86474,-23.12321],[-45.87831,-23.1147],[-45.88446,-23.10664]]],[[[-45.99454,-23.07249],[-45.98816,-23.04002],[-45.96628,-23.06318],[-45.92667,-23.09597],[-45.92891,-23.10048],[-45.94324,-23.10658],[-45.95952,-23.1156],[-45.97855,-23.11651],[-45.99454,-23.07249]]]]}},{"type":"Feature","properties":{"id":55,"nome":"Condomínio Royal Park"},"geometry":{"type":"Polygon","coordinates":[[[-45.91082,-23.22652],[-45.91061,-23.22282],[-45.90664,-23.22382],[-45.90822,-23.2276],[-45.90982,-23.22784],[-45.91082,-23.22652]]]}},{"type":"Feature","properties":{"id":56,"nome":"Condomínio Sunset Park"},"geometry":{"type":"Polygon","coordinates":[[[-45.91706,-23.21493],[-45.91174,-23.20994],[-45.90963,-23.21178],[-45.91031,-23.21478],[-45.91362,-23.21794],[-45.91706,-23.21493]]]}},{"type":"Feature","properties":{"id":57,"nome":"Condomínio Villagio Fazendão"},"geometry":{"type":"Polygon","coordinates":[[[-45.81875,-23.22789],[-45.81865,-23.22441],[-45.8158,-23.22397],[-45.81485,-23.22572],[-45.81577,-23.22745],[-45.81875,-23.22789]]]}},{"type":"Feature","properties":{"id":58,"nome":"Conjunto Habitacional São José dos Campos A"},"geometry":{"type":"MultiPolygon","coordinates":[[[[-45.83114,-23.25607],[-45.83053,-23.25454],[-45.82854,-23.25386],[-45.82982,-23.25999],[-45.83114,-23.25607]]],[[[-45.88439,-23.26831],[-45.88401,-23.26686],[-45.87993,-23.26486],[-45.8783,-23.26791],[-45.87948,-23.27208],[-45.88439,-23.26831]]]]}},{"type":"Feature","properties":{"id":59,"nome":"Conjunto Papa João Paulo II"},"geometry":{"type":"Polygon","coordinates":[[[-45.88788,-23.27867],[-45.88622,-23.27736],[-45.87803,-23.281],[-45.87729,-23.2834],[-45.87781,-23.28429],[-45.88382,-23.28416],[-45.88788,-23.27867]]]}},{"type":"Feature","properties":{"id":60,"nome":"Conjunto Residencial Dom Pedro I"},"geometry":{"type":"Polygon","coordinates":[[[-45.89583,-23.27628],[-45.89357,-23.27394],[-45.88815,-23.27509],[-45.88856,-23.27401],[-45.887,-23.27373],[-45.88622,-23.27736],[-45.88788,-23.27867],[-45.88768,-23.27973],[-45.88382,-23.28416],[-45.8942,-23.282],[-45.89286,-23.2783],[-45.89583,-23.27628]]]}},{"type":"Feature","properties":{"id":61,"nome":"Conjunto Residencial Dom Pedro II"},"geometry":{"type":"Polygon","coordinates":[[[-45.80088,-23.24882],[-45.78855,-23.24077],[-45.76044,-23.25022],[-45.75587,-23.25383],[-45.75878,-23.25468],[-45.7632,-23.25106],[-45.76826,-23.26064],[-45.77447,-23.2609],[-45.7758,-23.26907],[-45.78013,-23.27311],[-45.80088,-23.24882]]]}},{"type":"Feature","properties":{"id":62,"nome":"Conjunto Residencial Elmano Veloso"},"geometry":{"type":"Polygon","coordinates":[[[-45.89888,-23.27674],[-45.89666,-23.27523],[-45.89388,-23.27694],[-45.89265,-23.2795],[-45.89341,-23.28092],[-45.89487,-23.28011],[-45.89705,-23.28127],[-45.89888,-23.27674]]]}},{"type":"Feature","properties":{"id":63,"nome":"Conjunto Residencial Galo Branco"},"geometry":{"type":"Polygon","coordinates":[[[-45.79131,-23.10606],[-45.78783,-23.10217],[-45.78697,-23.11131],[-45.77921,-23.10985],[-45.77865,-23.11511],[-45.77571,-23.10741],[-45.7726,-23.11273],[-45.7579,-23.13086],[-45.75586,-23.13485],[-45.75623,-23.1364],[-45.7644,-23.13251],[-45.76998,-23.13546],[-45.77049,-23.14206],[-45.77342,-23.14324],[-45.77563,-23.14629],[-45.77756,-23.14486],[-45.77826,-23.1438],[-45.77713,-23.14181],[-45.77978,-23.13637],[-45.78153,-23.12801],[-45.79131,-23.10606]]]}},{"type":"Feature","properties":{"id":64,"nome":"Conjunto Residencial Intervale"},"geometry":{"type":"Polygon","coordinates":[[[-45.86081,-23.18382],[-45.85859,-23.18351],[-45.85713,-23.18512],[-45.85881,-23.1871],[-45.86081,-23.18382]]]}},{"type":"Feature","properties":{"id":65,"nome":"Conjunto Residencial Trinta e Um de Março"},"geometry":{"type":"Polygon","coordinates":[[[-45.92271,-23.24555],[-45.91896,-23.23988],[-45.91468,-23.24358],[-45.91196,-23.24089],[-45.91253,-23.24349],[-45.91015,-23.24486],[-45.9104,-23.24588],[-45.91182,-23.24598],[-45.91289,-23.24978],[-45.91096,-23.25003],[-45.91087,-23.25147],[-45.91336,-23.25211],[-45.91347,-23.25059],[-45.91598,-23.24922],[-45.91801,-23.25107],[-45.91987,-23.25108],[-45.91693,-23.24883],[-45.91775,-23.24821],[-45.92064,-23.25015],[-45.92271,-23.24555]]]}},{"type":"Feature","properties":{"id":66,"nome":"Conjunto Residencial Vale dos Pinheiros"},"geometry":{"type":"Polygon","coordinates":[[[-45.91739,-23.19888],[-45.91249,-23.19681],[-45.91217,-23.19441],[-45.90829,-23.19292],[-45.90898,-23.19648],[-45.91175,-23.19747],[-45.91217,-23.20033],[-45.91739,-23.19888]]]}},{"type":"Feature","properties":{"id":67,"nome":"Conjunto Residencial Vila Leila"},"geometry":{"type":"Polygon","coordinates":[[[-45.90643,-23.15346],[-45.90396,-23.15306],[-45.9033,-23.15423],[-45.90514,-23.15472],[-45.90643,-23.15346]]]}},{"type":"Feature","properties":{"id":68,"nome":"Costinha"},"geometry":{"type":"Polygon","coordinates":[[[-45.98911,-23.00841],[-45.93786,-22.99925],[-45.92974,-23.01689],[-45.93226,-23.02045],[-45.92898,-23.02702],[-45.9319,-23.03038],[-45.92364,-23.03577],[-45.92168,-23.03442],[-45.9121,-23.05524],[-45.91695,-23.09309],[-45.92667,-23.09597],[-45.96628,-23.06318],[-45.98816,-23.04002],[-45.98911,-23.00841]]]}},{"type":"Feature","properties":{"id":69,"nome":"Eldorado"},"geometry":{"type":"Polygon","coordinates":[[[-45.92356,-23.2617],[-45.9194,-23.25811],[-45.91657,-23.26054],[-45.91395,-23.26023],[-45.91293,-23.26124],[-45.91082,-23.26607],[-45.91293,-23.27556],[-45.92142,-23.26303],[-45.92356,-23.2617]]]}},{"type":"Feature","properties":{"id":70,"nome":"Eugênio de Mello"},"geometry":{"type":"Polygon","coordinates":[[[-45.81193,-23.1193],[-45.79514,-23.10501],[-45.79239,-23.10727],[-45.79131,-23.10606],[-45.7796,-23.13426],[-45.77978,-23.13637],[-45.78287,-23.14075],[-45.77918,-23.14607],[-45.77914,-23.14903],[-45.77533,-23.15229],[-45.77563,-23.14629],[-45.77342,-23.14324],[-45.77049,-23.14206],[-45.75728,-23.15567],[-45.75641,-23.15769],[-45.75906,-23.16488],[-45.77721,-23.16679],[-45.77959,-23.16361],[-45.77971,-23.15824],[-45.78655,-23.15789],[-45.79271,-23.16743],[-45.79753,-23.16679],[-45.80053,-23.16002],[-45.80557,-23.1591],[-45.80647,-23.15201],[-45.8031,-23.15127],[-45.80183,-23.1489],[-45.79928,-23.14948],[-45.79561,-23.15276],[-45.79307,-23.15197],[-45.79689,-23.14736],[-45.79563,-23.14638],[-45.78971,-23.14725],[-45.79303,-23.14154],[-45.80373,-23.13008],[-45.81193,-23.1193]]]}},{"type":"Feature","properties":{"id":71,"nome":"Floradas de São José"},"geometry":{"type":"Polygon","coordinates":[[[-45.89186,-23.21727],[-45.88766,-23.21796],[-45.88557,-23.21981],[-45.88563,-23.22136],[-45.8871,-23.22298],[-45.88959,-23.22322],[-45.89186,-23.21727]]]}},{"type":"Feature","properties":{"id":72,"nome":"Freitas"},"geometry":{"type":"Polygon","coordinates":[[[-45.95952,-23.1156],[-45.94324,-23.10658],[-45.92891,-23.10048],[-45.92667,-23.09597],[-45.91695,-23.09309],[-45.88435,-23.10229],[-45.88446,-23.10664],[-45.89333,-23.11485],[-45.90486,-23.12189],[-45.9174,-23.12421],[-45.92449,-23.12408],[-45.93296,-23.13012],[-45.93438,-23.12852],[-45.95952,-23.1156]]]}},{"type":"Feature","properties":{"id":73,"nome":"Jaguari"},"geometry":{"type":"Polygon","coordinates":[[[-45.93097,-23.15616],[-45.92529,-23.15477],[-45.91964,-23.15784],[-45.91903,-23.15989],[-45.92044,-23.1643],[-45.93048,-23.16968],[-45.93097,-23.15616]]]}},{"type":"Feature","properties":{"id":74,"nome":"Jardim Aeroporto"},"geometry":{"type":"Polygon","coordinates":[[[-45.88777,-23.21567],[-45.88667,-23.21356],[-45.88763,-23.2129],[-45.88499,-23.21166],[-45.88428,-23.20995],[-45.87848,-23.21076],[-45.8833,-23.21313],[-45.8864,-23.21266],[-45.88507,-23.21463],[-45.8841,-23.21436],[-45.8842,-23.21685],[-45.8853,-23.21491],[-45.88577,-23.21727],[-45.88706,-23.21742],[-45.88777,-23.21567]]]}},{"type":"Feature","properties":{"id":75,"nome":"Jardim Allah"},"geometry":{"type":"Polygon","coordinates":[[[-45.79124,-23.22865],[-45.79112,-23.22361],[-45.78977,-23.22282],[-45.7874,-23.22348],[-45.77207,-23.2361],[-45.76044,-23.25022],[-45.7827,-23.24233],[-45.79124,-23.22865]]]}},{"type":"Feature","properties":{"id":76,"nome":"Jardim Altos de Santana"},"geometry":{"type":"Polygon","coordinates":[[[-45.95511,-23.16212],[-45.93911,-23.14709],[-45.93097,-23.15616],[-45.93048,-23.16967],[-45.92044,-23.1643],[-45.91916,-23.16237],[-45.91964,-23.15784],[-45.91531,-23.15785],[-45.91507,-23.15955],[-45.91159,-23.16099],[-45.91204,-23.16264],[-45.90673,-23.16352],[-45.90444,-23.16501],[-45.90252,-23.17199],[-45.90469,-23.17761],[-45.91623,-23.17816],[-45.92708,-23.17601],[-45.93054,-23.16992],[-45.94363,-23.16974],[-45.95511,-23.16212]]]}},{"type":"Feature","properties":{"id":77,"nome":"Jardim Alvorada"},"geometry":{"type":"Polygon","coordinates":[[[-45.91644,-23.22547],[-45.9159,-23.22116],[-45.91362,-23.21794],[-45.91061,-23.22282],[-45.91082,-23.22652],[-45.90992,-23.22779],[-45.91504,-23.22905],[-45.91496,-23.2258],[-45.91644,-23.22547]]]}},{"type":"Feature","properties":{"id":78,"nome":"Jardim Americano"},"geometry":{"type":"Polygon","coordinates":[[[-45.81944,-23.18732],[-45.81553,-23.17903],[-45.81234,-23.17757],[-45.81101,-23.18046],[-45.81054,-23.18629],[-45.81939,-23.19073],[-45.81944,-23.18732]]]}},{"type":"Feature","properties":{"id":79,"nome":"Jardim América"},"geometry":{"type":"Polygon","coordinates":[[[-45.90304,-23.23268],[-45.90179,-23.23243],[-45.9013,-23.23011],[-45.90212,-23.22907],[-45.90062,-23.22609],[-45.89816,-23.22542],[-45.89649,-23.2254],[-45.8979,-23.22922],[-45.89431,-23.22918],[-45.89377,-23.23109],[-45.89148,-23.23075],[-45.89469,-23.236],[-45.89666,-23.2365],[-45.89841,-23.23498],[-45.90277,-23.23432],[-45.90304,-23.23268]]]}},{"type":"Feature","properties":{"id":80,"nome":"Jardim Anhembi"},"geometry":{"type":"Polygon","coordinates":[[[-45.90185,-23.22311],[-45.8984,-23.22001],[-45.89633,-23.22525],[-45.90006,-23.22605],[-45.90185,-23.22311]]]}},{"type":"Feature","properties":{"id":81,"nome":"Jardim Aparecida"},"geometry":{"type":"MultiPolygon","coordinates":[[[[-45.88664,-23.19892],[-45.88733,-23.19664],[-45.8851,-23.19819],[-45.88664,-23.19892]]],[[[-45.88771,-23.1947],[-45.8861,-23.19506],[-45.88727,-23.19638],[-45.88771,-23.1947]]]]}},{"type":"Feature","properties":{"id":82,"nome":"Jardim Apolo"},"geometry":{"type":"Polygon","coordinates":[[[-45.89645,-23.20143],[-45.89583,-23.19828],[-45.89378,-23.19754],[-45.89524,-23.2011],[-45.89645,-23.20143]]]}},{"type":"Feature","properties":{"id":83,"nome":"Jardim Apolo I"},"geometry":{"type":"MultiPolygon","coordinates":[[[[-45.896,-23.18605],[-45.89178,-23.19243],[-45.89078,-23.19348],[-45.89226,-23.19424],[-45.89508,-23.19181],[-45.896,-23.18605]]],[[[-45.90221,-23.20197],[-45.89961,-23.19845],[-45.89632,-23.19807],[-45.89537,-23.19905],[-45.89694,-23.20443],[-45.89908,-23.20241],[-45.90139,-23.20299],[-45.90221,-23.20197]]]]}},{"type":"Feature","properties":{"id":84,"nome":"Jardim Apolo II"},"geometry":{"type":"Polygon","coordinates":[[[-45.90594,-23.20386],[-45.90527,-23.20307],[-45.90261,-23.20293],[-45.90435,-23.20643],[-45.90594,-23.20386]]]}},{"type":"Feature","properties":{"id":85,"nome":"Jardim Aquárius"},"geometry":{"type":"Polygon","coordinates":[[[-45.90802,-23.20583],[-45.90594,-23.20386],[-45.90267,-23.21048],[-45.90277,-23.21231],[-45.90589,-23.21276],[-45.90712,-23.21142],[-45.90424,-23.20886],[-45.90802,-23.20583]]]}},{"type":"Feature","properties":{"id":86,"nome":"Jardim Augusta"},"geometry":{"type":"Polygon","coordinates":[[[-45.88394,-23.19728],[-45.87584,-23.19439],[-45.87392,-23.19728],[-45.8748,-23.19986],[-45.87682,-23.19789],[-45.88072,-23.19806],[-45.88173,-23.19905],[-45.88394,-23.19728]]]}},{"type":"Feature","properties":{"id":87,"nome":"Jardim Azaléias"},"geometry":{"type":"Polygon","coordinates":[[[-45.90357,-23.22393],[-45.90185,-23.22311],[-45.90012,-23.22468],[-45.90028,-23.22596],[-45.90357,-23.22393]]]}},{"type":"Feature","properties":{"id":88,"nome":"Jardim Bela Vista"},"geometry":{"type":"Polygon","coordinates":[[[-45.90209,-23.18051],[-45.89163,-23.17219],[-45.88664,-23.17073],[-45.88424,-23.17859],[-45.88591,-23.17978],[-45.89555,-23.18425],[-45.89747,-23.18341],[-45.88953,-23.17781],[-45.88963,-23.17671],[-45.89224,-23.17627],[-45.89909,-23.18264],[-45.90209,-23.18051]],[[-45.88776,-23.17982],[-45.88707,-23.17801],[-45.88816,-23.17837],[-45.88776,-23.17982]]]}},{"type":"Feature","properties":{"id":89,"nome":"Jardim Boa Vista"},"geometry":{"type":"Polygon","coordinates":[[[-45.9174,-23.12421],[-45.90486,-23.12189],[-45.90317,-23.13467],[-45.9084,-23.13633],[-45.9138,-23.13503],[-45.9174,-23.12421]]]}},{"type":"Feature","properties":{"id":90,"nome":"Jardim Brasília"},"geometry":{"type":"Polygon","coordinates":[[[-45.85584,-23.15093],[-45.84607,-23.16964],[-45.84686,-23.17189],[-45.84902,-23.17083],[-45.85584,-23.15093]]]}},{"type":"Feature","properties":{"id":91,"nome":"Jardim Capitingal"},"geometry":{"type":"Polygon","coordinates":[[[-45.89809,-23.26418],[-45.89682,-23.26439],[-45.89758,-23.26614],[-45.89774,-23.26617],[-45.89809,-23.26418]]]}},{"type":"Feature","properties":{"id":92,"nome":"Jardim Castanheira"},"geometry":{"type":"MultiPolygon","coordinates":[[[[-45.79683,-23.18512],[-45.79517,-23.18423],[-45.79385,-23.17987],[-45.78982,-23.18013],[-45.78742,-23.18516],[-45.78888,-23.1862],[-45.79359,-23.18516],[-45.79457,-23.18675],[-45.79473,-23.18519],[-45.79683,-23.18512]]],[[[-45.95429,-23.18932],[-45.95357,-23.18607],[-45.9517,-23.18504],[-45.94989,-23.18649],[-45.95259,-23.19061],[-45.95429,-23.18932]]]]}},{"type":"Feature","properties":{"id":93,"nome":"Jardim Colonial"},"geometry":{"type":"Polygon","coordinates":[[[-45.89781,-23.28429],[-45.89705,-23.28127],[-45.89487,-23.28011],[-45.89278,-23.28293],[-45.8912,-23.28243],[-45.89277,-23.28423],[-45.89236,-23.28707],[-45.89386,-23.28797],[-45.89466,-23.29038],[-45.89601,-23.28946],[-45.89587,-23.28592],[-45.89781,-23.28429]]]}},{"type":"Feature","properties":{"id":94,"nome":"Jardim Colorado"},"geometry":{"type":"Polygon","coordinates":[[[-45.85649,-23.21267],[-45.85507,-23.21111],[-45.85321,-23.21439],[-45.85584,-23.21607],[-45.85636,-23.2134],[-45.85513,-23.21268],[-45.85649,-23.21267]]]}},{"type":"Feature","properties":{"id":95,"nome":"Jardim Copacabana"},"geometry":{"type":"Polygon","coordinates":[[[-45.84923,-23.17277],[-45.84686,-23.17189],[-45.84572,-23.17321],[-45.84692,-23.17536],[-45.84889,-23.17471],[-45.84923,-23.17277]]]}},{"type":"Feature","properties":{"id":96,"nome":"Jardim Cruzeiro do Sul"},"geometry":{"type":"Polygon","coordinates":[[[-45.89277,-23.28423],[-45.8911,-23.28235],[-45.88519,-23.28441],[-45.88791,-23.28758],[-45.89164,-23.28969],[-45.89277,-23.28423]]]}},{"type":"Feature","properties":{"id":97,"nome":"Jardim Del Rey"},"geometry":{"type":"Polygon","coordinates":[[[-45.88553,-23.26374],[-45.88329,-23.25991],[-45.87985,-23.26442],[-45.88401,-23.26686],[-45.88531,-23.26597],[-45.88553,-23.26374]]]}},{"type":"Feature","properties":{"id":98,"nome":"Jardim Diamante"},"geometry":{"type":"Polygon","coordinates":[[[-45.84651,-23.19479],[-45.84488,-23.18181],[-45.84142,-23.18021],[-45.83802,-23.18312],[-45.83575,-23.19821],[-45.83852,-23.19842],[-45.84651,-23.19479]]]}},{"type":"Feature","properties":{"id":99,"nome":"Jardim Esplanada"},"geometry":{"type":"Polygon","coordinates":[[[-45.91217,-23.20033],[-45.91175,-23.19747],[-45.90898,-23.19648],[-45.90765,-23.19181],[-45.90401,-23.1954],[-45.90318,-23.1925],[-45.90245,-23.19466],[-45.89859,-23.19466],[-45.89844,-23.19554],[-45.90131,-23.19631],[-45.904,-23.19541],[-45.90407,-23.19668],[-45.90845,-23.19925],[-45.90684,-23.2008],[-45.9063,-23.19824],[-45.90552,-23.19881],[-45.90357,-23.19741],[-45.90312,-23.19904],[-45.90507,-23.20024],[-45.90215,-23.20277],[-45.90698,-23.20401],[-45.90912,-23.2004],[-45.91217,-23.20033]]]}},{"type":"Feature","properties":{"id":100,"nome":"Jardim Esplanada II"},"geometry":{"type":"MultiPolygon","coordinates":[[[[-45.90851,-23.19969],[-45.90734,-23.1979],[-45.90407,-23.19668],[-45.904,-23.19541],[-45.90131,-23.19631],[-45.89844,-23.19554],[-45.89859,-23.19466],[-45.89618,-23.19468],[-45.89788,-23.19648],[-45.89767,-23.19807],[-45.90037,-23.19883],[-45.90221,-23.20197],[-45.90507,-23.20024],[-45.90312,-23.19904],[-45.90357,-23.19741],[-45.90552,-23.19881],[-45.9063,-23.19824],[-45.90684,-23.2008],[-45.90851,-23.19969]]],[[[-45.9048,-23.194],[-45.90321,-23.19221],[-45.90223,-23.18789],[-45.9012,-23.19226],[-45.90225,-23.19461],[-45.90318,-23.1925],[-45.90401,-23.1954],[-45.9048,-23.194]]]]}},{"type":"Feature","properties":{"id":101,"nome":"Jardim Estoril"},"geometry":{"type":"MultiPolygon","coordinates":[[[[-45.88588,-23.25157],[-45.88498,-23.24743],[-45.87836,-23.24613],[-45.87547,-23.25173],[-45.8806,-23.25456],[-45.88416,-23.25407],[-45.88588,-23.25157]]],[[[-45.93175,-23.19841],[-45.92298,-23.2004],[-45.9226,-23.20133],[-45.92311,-23.20249],[-45.92902,-23.20107],[-45.93175,-23.19841]]]]}},{"type":"Feature","properties":{"id":102,"nome":"Jardim Fátima"},"geometry":{"type":"Polygon","coordinates":[[[-45.89872,-23.20777],[-45.89786,-23.2067],[-45.8953,-23.20824],[-45.89538,-23.21087],[-45.89731,-23.21073],[-45.89872,-23.20777]]]}},{"type":"Feature","properties":{"id":103,"nome":"Jardim Guimarães"},"geometry":{"type":"Polygon","coordinates":[[[-45.9115,-23.15498],[-45.908,-23.15117],[-45.90514,-23.15472],[-45.90374,-23.15468],[-45.90349,-23.15664],[-45.90563,-23.15727],[-45.90709,-23.15606],[-45.90956,-23.15818],[-45.9115,-23.15498]]]}},{"type":"Feature","properties":{"id":104,"nome":"Jardim Imperial"},"geometry":{"type":"Polygon","coordinates":[[[-45.91232,-23.27673],[-45.90635,-23.27615],[-45.9013,-23.27419],[-45.89733,-23.27945],[-45.89781,-23.28429],[-45.89587,-23.28592],[-45.89601,-23.28946],[-45.89853,-23.28949],[-45.90027,-23.28394],[-45.90327,-23.28411],[-45.9109,-23.2814],[-45.91232,-23.27673]]]}},{"type":"Feature","properties":{"id":105,"nome":"Jardim Ismênia"},"geometry":{"type":"Polygon","coordinates":[[[-45.85508,-23.17472],[-45.85385,-23.17077],[-45.85105,-23.17372],[-45.84923,-23.17277],[-45.84889,-23.1747],[-45.84692,-23.17535],[-45.84572,-23.17321],[-45.84686,-23.17189],[-45.84589,-23.17014],[-45.84456,-23.17534],[-45.84148,-23.1802],[-45.84488,-23.18181],[-45.84684,-23.18014],[-45.85125,-23.18116],[-45.85159,-23.17947],[-45.85388,-23.17781],[-45.85285,-23.17615],[-45.85508,-23.17472]]]}},{"type":"Feature","properties":{"id":106,"nome":"Jardim Itapoã"},"geometry":{"type":"Polygon","coordinates":[[[-45.78287,-23.14075],[-45.77978,-23.13637],[-45.77713,-23.14181],[-45.77791,-23.14437],[-45.77992,-23.14532],[-45.78287,-23.14075]]]}},{"type":"Feature","properties":{"id":107,"nome":"Jardim Juliana"},"geometry":{"type":"Polygon","coordinates":[[[-45.90641,-23.26028],[-45.90242,-23.25865],[-45.90138,-23.26026],[-45.90167,-23.26166],[-45.90322,-23.26236],[-45.90641,-23.26028]]]}},{"type":"Feature","properties":{"id":108,"nome":"Jardim Limoeiro"},"geometry":{"type":"Polygon","coordinates":[[[-45.97091,-23.2329],[-45.96475,-23.23111],[-45.96509,-23.22906],[-45.94651,-23.22441],[-45.93196,-23.2327],[-45.9263,-23.239],[-45.92598,-23.24218],[-45.93152,-23.24511],[-45.93163,-23.24823],[-45.93274,-23.24936],[-45.93535,-23.24987],[-45.93768,-23.24821],[-45.9416,-23.25244],[-45.9436,-23.25275],[-45.94996,-23.25777],[-45.96345,-23.24504],[-45.96491,-23.23897],[-45.96374,-23.23624],[-45.97091,-23.2329]]]}},{"type":"Feature","properties":{"id":109,"nome":"Jardim Madureira"},"geometry":{"type":"Polygon","coordinates":[[[-45.88166,-23.25551],[-45.88416,-23.25407],[-45.8806,-23.25456],[-45.88166,-23.25551]]]}},{"type":"Feature","properties":{"id":110,"nome":"Jardim Majestic"},"geometry":{"type":"Polygon","coordinates":[[[-45.76322,-23.19725],[-45.76131,-23.18235],[-45.75475,-23.17429],[-45.75209,-23.17752],[-45.75069,-23.19248],[-45.74736,-23.19872],[-45.74632,-23.19871],[-45.75701,-23.20219],[-45.76322,-23.19725]]]}},{"type":"Feature","properties":{"id":111,"nome":"Jardim Maracanã"},"geometry":{"type":"Polygon","coordinates":[[[-45.84823,-23.17173],[-45.84915,-23.17244],[-45.84902,-23.17083],[-45.84823,-23.17173]]]}},{"type":"Feature","properties":{"id":112,"nome":"Jardim Margareth"},"geometry":{"type":"Polygon","coordinates":[[[-45.89723,-23.20746],[-45.89568,-23.20661],[-45.8953,-23.20824],[-45.8962,-23.20762],[-45.89723,-23.20746]]]}},{"type":"Feature","properties":{"id":113,"nome":"Jardim Mariana I"},"geometry":{"type":"Polygon","coordinates":[[[-45.80482,-23.21303],[-45.80381,-23.21085],[-45.80081,-23.20882],[-45.80222,-23.21364],[-45.79765,-23.21394],[-45.80187,-23.21984],[-45.80262,-23.21998],[-45.80301,-23.21817],[-45.8023,-23.21439],[-45.80482,-23.21303]]]}},{"type":"Feature","properties":{"id":114,"nome":"Jardim Mariana II"},"geometry":{"type":"Polygon","coordinates":[[[-45.81068,-23.22028],[-45.80982,-23.21695],[-45.80792,-23.2165],[-45.80513,-23.21318],[-45.8023,-23.21438],[-45.80348,-23.22105],[-45.80887,-23.22224],[-45.81068,-23.22028]]]}},{"type":"Feature","properties":{"id":115,"nome":"Jardim Maringá"},"geometry":{"type":"Polygon","coordinates":[[[-45.89795,-23.20635],[-45.89712,-23.20502],[-45.89443,-23.20522],[-45.89314,-23.2064],[-45.89232,-23.20582],[-45.89222,-23.20647],[-45.89328,-23.20759],[-45.89416,-23.2058],[-45.89519,-23.20726],[-45.89795,-23.20635]]]}},{"type":"Feature","properties":{"id":116,"nome":"Jardim Maritéia"},"geometry":{"type":"Polygon","coordinates":[[[-45.90149,-23.15063],[-45.90113,-23.14849],[-45.89952,-23.14509],[-45.89831,-23.1517],[-45.90149,-23.15063]]]}},{"type":"Feature","properties":{"id":117,"nome":"Jardim Mesquita"},"geometry":{"type":"Polygon","coordinates":[[[-45.86368,-23.28382],[-45.8619,-23.27556],[-45.85567,-23.27061],[-45.84711,-23.26794],[-45.84245,-23.30019],[-45.86368,-23.28382]]]}},{"type":"Feature","properties":{"id":118,"nome":"Jardim Minas Gerais"},"geometry":{"type":"Polygon","coordinates":[[[-45.92529,-23.15477],[-45.921,-23.15074],[-45.91509,-23.15036],[-45.91328,-23.15181],[-45.908,-23.15107],[-45.91377,-23.15857],[-45.91964,-23.15784],[-45.92529,-23.15477]]]}},{"type":"Feature","properties":{"id":119,"nome":"Jardim Motorama"},"geometry":{"type":"Polygon","coordinates":[[[-45.8319,-23.17542],[-45.82645,-23.16257],[-45.82576,-23.15638],[-45.82421,-23.15719],[-45.81877,-23.168],[-45.81916,-23.17214],[-45.81762,-23.17404],[-45.822,-23.17487],[-45.82282,-23.1767],[-45.82507,-23.17549],[-45.82675,-23.17723],[-45.828,-23.17594],[-45.8319,-23.17542]]]}},{"type":"Feature","properties":{"id":120,"nome":"Jardim Nova América"},"geometry":{"type":"Polygon","coordinates":[[[-45.90249,-23.18555],[-45.90092,-23.18207],[-45.89633,-23.18415],[-45.89508,-23.19181],[-45.89616,-23.19468],[-45.90225,-23.19461],[-45.90114,-23.19111],[-45.90249,-23.18555]]]}},{"type":"Feature","properties":{"id":121,"nome":"Jardim Nova Detroit"},"geometry":{"type":"Polygon","coordinates":[[[-45.81908,-23.15915],[-45.8104,-23.16089],[-45.80788,-23.16812],[-45.81096,-23.16969],[-45.8129,-23.17279],[-45.81908,-23.15915]]]}},{"type":"Feature","properties":{"id":122,"nome":"Jardim Nova Flórida"},"geometry":{"type":"Polygon","coordinates":[[[-45.81234,-23.17757],[-45.81108,-23.17645],[-45.80754,-23.17721],[-45.80868,-23.18128],[-45.81123,-23.18134],[-45.81234,-23.17757]]]}},{"type":"Feature","properties":{"id":123,"nome":"Jardim Nova Michigan"},"geometry":{"type":"MultiPolygon","coordinates":[[[[-45.7979,-23.1883],[-45.79683,-23.18512],[-45.79473,-23.18519],[-45.79457,-23.18675],[-45.79359,-23.18516],[-45.792,-23.18607],[-45.79265,-23.1891],[-45.79612,-23.18974],[-45.7979,-23.1883]]],[[[-45.80515,-23.19886],[-45.79958,-23.19726],[-45.79516,-23.19743],[-45.79263,-23.20011],[-45.79276,-23.20357],[-45.7945,-23.20483],[-45.79858,-23.20525],[-45.80515,-23.19886]]]]}},{"type":"Feature","properties":{"id":124,"nome":"Jardim Nova Michigan II"},"geometry":{"type":"Polygon","coordinates":[[[-45.79379,-23.19169],[-45.79254,-23.18903],[-45.7907,-23.18987],[-45.79276,-23.19273],[-45.79379,-23.19169]]]}},{"type":"Feature","properties":{"id":125,"nome":"Jardim Nova República"},"geometry":{"type":"MultiPolygon","coordinates":[[[[-45.89988,-23.29534],[-45.8993,-23.29265],[-45.89379,-23.29158],[-45.89264,-23.29227],[-45.89137,-23.29691],[-45.89988,-23.29534]]],[[[-45.9085,-23.28931],[-45.90321,-23.28657],[-45.90264,-23.28747],[-45.89905,-23.28733],[-45.89781,-23.28994],[-45.89917,-23.29128],[-45.90325,-23.28967],[-45.90779,-23.29055],[-45.9085,-23.28931]]]]}},{"type":"Feature","properties":{"id":126,"nome":"Jardim Olímpia"},"geometry":{"type":"Polygon","coordinates":[[[-45.8576,-23.15044],[-45.8565,-23.14972],[-45.85584,-23.15093],[-45.84902,-23.17083],[-45.8491,-23.17268],[-45.85105,-23.17372],[-45.85385,-23.17077],[-45.8576,-23.15044]]]}},{"type":"Feature","properties":{"id":127,"nome":"Jardim Oriente"},"geometry":{"type":"Polygon","coordinates":[[[-45.90441,-23.24143],[-45.90008,-23.23744],[-45.89469,-23.236],[-45.892,-23.24103],[-45.89294,-23.24445],[-45.89435,-23.24412],[-45.89611,-23.24541],[-45.89875,-23.24373],[-45.8976,-23.24259],[-45.89809,-23.24056],[-45.90122,-23.24242],[-45.90181,-23.24517],[-45.90406,-23.24409],[-45.90441,-23.24143]]]}},{"type":"Feature","properties":{"id":128,"nome":"Jardim Oswaldo Cruz"},"geometry":{"type":"Polygon","coordinates":[[[-45.88671,-23.19977],[-45.88394,-23.19728],[-45.88173,-23.19905],[-45.88072,-23.19806],[-45.87682,-23.19789],[-45.8748,-23.19986],[-45.87787,-23.20273],[-45.88195,-23.20122],[-45.88125,-23.20435],[-45.88367,-23.20449],[-45.88491,-23.20092],[-45.88671,-23.19977]]]}},{"type":"Feature","properties":{"id":129,"nome":"Jardim Ouro Preto"},"geometry":{"type":"Polygon","coordinates":[[[-45.89427,-23.15198],[-45.88712,-23.14452],[-45.88408,-23.14498],[-45.89048,-23.15623],[-45.89229,-23.15681],[-45.89358,-23.1558],[-45.89427,-23.15198]]]}},{"type":"Feature","properties":{"id":130,"nome":"Jardim Pararangaba"},"geometry":{"type":"MultiPolygon","coordinates":[[[[-45.80229,-23.21343],[-45.80081,-23.20882],[-45.7992,-23.20729],[-45.79783,-23.21357],[-45.80229,-23.21343]]],[[[-45.8129,-23.17279],[-45.81096,-23.16969],[-45.80788,-23.16812],[-45.80824,-23.16582],[-45.80618,-23.16689],[-45.80666,-23.16893],[-45.80362,-23.17004],[-45.8059,-23.17146],[-45.80241,-23.17588],[-45.80887,-23.17733],[-45.81108,-23.17645],[-45.8129,-23.17279]]]]}},{"type":"Feature","properties":{"id":131,"nome":"Jardim Paraíso"},"geometry":{"type":"Polygon","coordinates":[[[-45.9056,-23.2378],[-45.90277,-23.23432],[-45.89841,-23.23498],[-45.89745,-23.23619],[-45.90393,-23.24047],[-45.9056,-23.2378]]]}},{"type":"Feature","properties":{"id":132,"nome":"Jardim Paraíso do Sol"},"geometry":{"type":"Polygon","coordinates":[[[-45.80303,-23.183],[-45.80152,-23.17837],[-45.79464,-23.1801],[-45.79517,-23.18423],[-45.79714,-23.18541],[-45.79839,-23.18414],[-45.79975,-23.18538],[-45.80019,-23.18405],[-45.80303,-23.183]]]}},{"type":"Feature","properties":{"id":133,"nome":"Jardim Paulista"},"geometry":{"type":"Polygon","coordinates":[[[-45.958,-22.90766],[-45.93462,-22.8427],[-45.9243,-22.83136],[-45.92213,-22.82355],[-45.91222,-22.81611],[-45.90386,-22.81877],[-45.90834,-22.82894],[-45.90523,-22.8336],[-45.89356,-22.83871],[-45.89059,-22.84418],[-45.89365,-22.85663],[-45.88963,-22.85749],[-45.88858,-22.86389],[-45.95588,-22.9109],[-45.958,-22.90766]]]}},{"type":"Feature","properties":{"id":134,"nome":"Jardim Petrópolis"},"geometry":{"type":"Polygon","coordinates":[[[-45.91817,-23.24018],[-45.91502,-23.24008],[-45.91328,-23.24137],[-45.91432,-23.24352],[-45.9168,-23.2426],[-45.91817,-23.24018]]]}},{"type":"Feature","properties":{"id":135,"nome":"Jardim Portugal"},"geometry":{"type":"Polygon","coordinates":[[[-45.88782,-23.25868],[-45.88566,-23.2563],[-45.88319,-23.25668],[-45.88451,-23.25546],[-45.8838,-23.25475],[-45.88166,-23.25551],[-45.87547,-23.25173],[-45.87359,-23.25285],[-45.87019,-23.25984],[-45.87341,-23.26375],[-45.87779,-23.26084],[-45.87985,-23.26442],[-45.88227,-23.26035],[-45.88782,-23.25868]]]}},{"type":"Feature","properties":{"id":136,"nome":"Jardim Primavera II"},"geometry":{"type":"Polygon","coordinates":[[[-45.77007,-23.20409],[-45.76894,-23.19947],[-45.76322,-23.19725],[-45.75967,-23.20066],[-45.76394,-23.20316],[-45.77007,-23.20409]]]}},{"type":"Feature","properties":{"id":137,"nome":"Jardim Renata"},"geometry":{"type":"Polygon","coordinates":[[[-45.89443,-23.20522],[-45.89278,-23.20373],[-45.89207,-23.20423],[-45.89314,-23.2064],[-45.89443,-23.20522]]]}},{"type":"Feature","properties":{"id":138,"nome":"Jardim República"},"geometry":{"type":"Polygon","coordinates":[[[-45.8993,-23.29265],[-45.89781,-23.28994],[-45.89601,-23.28946],[-45.89466,-23.29038],[-45.89264,-23.28724],[-45.89164,-23.28969],[-45.89264,-23.29227],[-45.89379,-23.29158],[-45.8993,-23.29265]]]}},{"type":"Feature","properties":{"id":139,"nome":"Jardim Rodolfo"},"geometry":{"type":"Polygon","coordinates":[[[-45.81507,-23.1758],[-45.81274,-23.17355],[-45.81108,-23.17645],[-45.81497,-23.17835],[-45.81507,-23.1758]]]}},{"type":"Feature","properties":{"id":140,"nome":"Jardim Rosário"},"geometry":{"type":"Polygon","coordinates":[[[-45.90167,-23.24573],[-45.90052,-23.24303],[-45.89741,-23.24526],[-45.90167,-23.24573]]]}},{"type":"Feature","properties":{"id":141,"nome":"Jardim San Marino"},"geometry":{"type":"Polygon","coordinates":[[[-45.89802,-23.2291],[-45.89761,-23.22715],[-45.89578,-23.22542],[-45.89411,-23.22889],[-45.89802,-23.2291]]]}},{"type":"Feature","properties":{"id":142,"nome":"Jardim San Rafael"},"geometry":{"type":"MultiPolygon","coordinates":[[[[-45.79254,-23.18903],[-45.792,-23.18607],[-45.78888,-23.1862],[-45.7907,-23.18987],[-45.79254,-23.18903]]],[[[-45.79623,-23.19086],[-45.79531,-23.1893],[-45.79265,-23.1891],[-45.79379,-23.19169],[-45.79623,-23.19086]]]]}},{"type":"Feature","properties":{"id":143,"nome":"Jardim Santa Cecília I"},"geometry":{"type":"Polygon","coordinates":[[[-45.80348,-23.22105],[-45.80187,-23.21984],[-45.79817,-23.22019],[-45.79513,-23.22325],[-45.79524,-23.2253],[-45.80131,-23.22822],[-45.80348,-23.22105]]]}},{"type":"Feature","properties":{"id":144,"nome":"Jardim Santa Hermínia"},"geometry":{"type":"MultiPolygon","coordinates":[[[[-45.78559,-23.2123],[-45.7815,-23.20831],[-45.77435,-23.20561],[-45.77144,-23.2069],[-45.76943,-23.21128],[-45.78336,-23.21488],[-45.78559,-23.2123]]],[[[-45.7874,-23.22348],[-45.78676,-23.2196],[-45.78338,-23.21568],[-45.77207,-23.2361],[-45.7874,-23.22348]]]]}},{"type":"Feature","properties":{"id":145,"nome":"Jardim Santa Inês I"},"geometry":{"type":"MultiPolygon","coordinates":[[[[-45.79097,-23.16571],[-45.78808,-23.15915],[-45.7866,-23.15796],[-45.78686,-23.16625],[-45.78776,-23.16756],[-45.79097,-23.16571]]],[[[-45.80031,-23.17435],[-45.7986,-23.17324],[-45.79753,-23.16679],[-45.79271,-23.16743],[-45.79184,-23.17043],[-45.79028,-23.17114],[-45.79038,-23.17566],[-45.78833,-23.17813],[-45.78982,-23.18013],[-45.79464,-23.1801],[-45.79809,-23.17899],[-45.79745,-23.17637],[-45.80031,-23.17435]]]]}},{"type":"Feature","properties":{"id":146,"nome":"Jardim Santa Inês II"},"geometry":{"type":"Polygon","coordinates":[[[-45.8104,-23.16089],[-45.80557,-23.1591],[-45.80053,-23.16001],[-45.79753,-23.16679],[-45.79861,-23.17326],[-45.80241,-23.17588],[-45.8059,-23.17146],[-45.80362,-23.17004],[-45.80666,-23.16893],[-45.80618,-23.16689],[-45.80824,-23.16582],[-45.8104,-23.16089]]]}},{"type":"Feature","properties":{"id":147,"nome":"Jardim Santa Inês III"},"geometry":{"type":"Polygon","coordinates":[[[-45.79075,-23.17359],[-45.78933,-23.17217],[-45.78972,-23.17114],[-45.78557,-23.17047],[-45.78652,-23.1768],[-45.78833,-23.17813],[-45.79075,-23.17359]]]}},{"type":"Feature","properties":{"id":148,"nome":"Jardim Santa Júlia"},"geometry":{"type":"Polygon","coordinates":[[[-45.83153,-23.23225],[-45.82639,-23.23283],[-45.8225,-23.23071],[-45.81891,-23.2322],[-45.81727,-23.23114],[-45.81422,-23.2324],[-45.81198,-23.23622],[-45.81597,-23.24019],[-45.82294,-23.2411],[-45.82307,-23.24269],[-45.8243,-23.24245],[-45.82647,-23.24504],[-45.8302,-23.24418],[-45.83107,-23.24217],[-45.82837,-23.24022],[-45.82996,-23.23914],[-45.8292,-23.23698],[-45.83153,-23.23225]]]}},{"type":"Feature","properties":{"id":149,"nome":"Jardim Santa Luzia"},"geometry":{"type":"Polygon","coordinates":[[[-45.83809,-23.24319],[-45.83244,-23.23959],[-45.83305,-23.23838],[-45.83497,-23.23839],[-45.8375,-23.23296],[-45.8347,-23.2305],[-45.83291,-23.23056],[-45.8292,-23.23698],[-45.82996,-23.23914],[-45.82836,-23.24022],[-45.83107,-23.24217],[-45.8302,-23.24418],[-45.83242,-23.24528],[-45.83809,-23.24319]]]}},{"type":"Feature","properties":{"id":150,"nome":"Jardim Santa Madalena"},"geometry":{"type":"Polygon","coordinates":[[[-45.89712,-23.20501],[-45.89611,-23.20338],[-45.89416,-23.20451],[-45.89443,-23.20522],[-45.89712,-23.20501]]]}},{"type":"Feature","properties":{"id":151,"nome":"Jardim Santa Maria"},"geometry":{"type":"Polygon","coordinates":[[[-45.78982,-23.18013],[-45.78652,-23.1768],[-45.78299,-23.17797],[-45.77889,-23.17715],[-45.77745,-23.18183],[-45.77819,-23.18631],[-45.78433,-23.18633],[-45.78742,-23.18516],[-45.78982,-23.18013]]]}},{"type":"Feature","properties":{"id":152,"nome":"Jardim Santa Maria III"},"geometry":{"type":"MultiPolygon","coordinates":[[[[-45.79047,-23.17277],[-45.79028,-23.17114],[-45.78972,-23.17114],[-45.78933,-23.17217],[-45.79047,-23.17277]]],[[[-45.91927,-23.25125],[-45.9169,-23.25138],[-45.91615,-23.25246],[-45.91726,-23.25299],[-45.91927,-23.25125]]]]}},{"type":"Feature","properties":{"id":153,"nome":"Jardim Santa Matilde"},"geometry":{"type":"Polygon","coordinates":[[[-45.90487,-23.13887],[-45.90317,-23.13467],[-45.89296,-23.14028],[-45.89216,-23.14162],[-45.89873,-23.14448],[-45.9045,-23.14161],[-45.90487,-23.13887]]]}},{"type":"Feature","properties":{"id":154,"nome":"Jardim Santa Rosa"},"geometry":{"type":"Polygon","coordinates":[[[-45.84088,-23.23435],[-45.8375,-23.23296],[-45.83497,-23.23839],[-45.83305,-23.23838],[-45.8326,-23.23994],[-45.83809,-23.24319],[-45.84088,-23.23435]]]}},{"type":"Feature","properties":{"id":155,"nome":"Jardim Santarém"},"geometry":{"type":"Polygon","coordinates":[[[-45.97961,-23.13221],[-45.97855,-23.11651],[-45.95952,-23.1156],[-45.93438,-23.12852],[-45.93296,-23.13012],[-45.93908,-23.13984],[-45.97961,-23.13221]]]}},{"type":"Feature","properties":{"id":156,"nome":"Jardim Santo Onofre"},"geometry":{"type":"Polygon","coordinates":[[[-45.83511,-23.25037],[-45.83265,-23.24809],[-45.83358,-23.2456],[-45.83242,-23.24528],[-45.82962,-23.24844],[-45.83133,-23.2494],[-45.82932,-23.2514],[-45.83022,-23.25226],[-45.83056,-23.25066],[-45.83279,-23.25177],[-45.83511,-23.25037]]]}},{"type":"Feature","properties":{"id":157,"nome":"Jardim Satélite"},"geometry":{"type":"Polygon","coordinates":[[[-45.90295,-23.22024],[-45.89824,-23.21499],[-45.89654,-23.21143],[-45.89538,-23.21087],[-45.89155,-23.21292],[-45.88958,-23.21271],[-45.88706,-23.21742],[-45.88167,-23.21861],[-45.88031,-23.22392],[-45.8776,-23.2252],[-45.87583,-23.23069],[-45.86756,-23.23646],[-45.87615,-23.241],[-45.87736,-23.24015],[-45.87868,-23.23456],[-45.8794,-23.23685],[-45.88117,-23.23547],[-45.88255,-23.23669],[-45.88592,-23.23527],[-45.89084,-23.23625],[-45.89436,-23.23557],[-45.89148,-23.23075],[-45.89428,-23.23067],[-45.894,-23.228],[-45.89633,-23.22525],[-45.89771,-23.22061],[-45.8984,-23.22001],[-45.90181,-23.22294],[-45.90295,-23.22024]],[[-45.89186,-23.21727],[-45.88959,-23.22322],[-45.8871,-23.22298],[-45.88563,-23.22136],[-45.88557,-23.21981],[-45.88766,-23.21796],[-45.89186,-23.21727]]]}},{"type":"Feature","properties":{"id":158,"nome":"Jardim Serimbura"},"geometry":{"type":"Polygon","coordinates":[[[-45.90065,-23.21164],[-45.89996,-23.20973],[-45.89654,-23.21143],[-45.89824,-23.21499],[-45.90065,-23.21164]]]}},{"type":"Feature","properties":{"id":159,"nome":"Jardim Souto"},"geometry":{"type":"Polygon","coordinates":[[[-45.86607,-23.19928],[-45.86242,-23.19894],[-45.85775,-23.19717],[-45.85857,-23.2014],[-45.86031,-23.20267],[-45.85991,-23.2037],[-45.86419,-23.20666],[-45.86607,-23.19928]]]}},{"type":"Feature","properties":{"id":160,"nome":"Jardim Sul"},"geometry":{"type":"Polygon","coordinates":[[[-45.89608,-23.2489],[-45.89399,-23.24711],[-45.89243,-23.24786],[-45.89047,-23.24647],[-45.88907,-23.24798],[-45.8898,-23.2511],[-45.89271,-23.25264],[-45.89491,-23.2514],[-45.89608,-23.2489]]]}},{"type":"Feature","properties":{"id":161,"nome":"Jardim São Dimas"},"geometry":{"type":"Polygon","coordinates":[[[-45.89159,-23.195],[-45.88995,-23.19272],[-45.88814,-23.19315],[-45.88631,-23.19056],[-45.88326,-23.19063],[-45.88243,-23.1921],[-45.88382,-23.19348],[-45.88414,-23.19629],[-45.88733,-23.19664],[-45.88616,-23.20057],[-45.88793,-23.20191],[-45.88698,-23.20341],[-45.88759,-23.2045],[-45.89133,-23.20146],[-45.89122,-23.19809],[-45.88987,-23.19659],[-45.89159,-23.195]],[[-45.88727,-23.19638],[-45.88615,-23.19492],[-45.88771,-23.1947],[-45.88727,-23.19638]]]}},{"type":"Feature","properties":{"id":162,"nome":"Jardim São Jorge"},"geometry":{"type":"Polygon","coordinates":[[[-45.8457,-23.17033],[-45.84267,-23.17169],[-45.84415,-23.1754],[-45.84535,-23.17317],[-45.8457,-23.17033]]]}},{"type":"Feature","properties":{"id":163,"nome":"Jardim São José Centro"},"geometry":{"type":"Polygon","coordinates":[[[-45.87584,-23.19439],[-45.87398,-23.18968],[-45.87253,-23.1903],[-45.87147,-23.18894],[-45.8693,-23.19275],[-45.87126,-23.19365],[-45.8709,-23.19509],[-45.87456,-23.19532],[-45.87584,-23.19439]]]}},{"type":"Feature","properties":{"id":164,"nome":"Jardim São José II"},"geometry":{"type":"Polygon","coordinates":[[[-45.78042,-23.16829],[-45.77721,-23.16679],[-45.75906,-23.16488],[-45.75969,-23.16659],[-45.75645,-23.17164],[-45.7709,-23.173],[-45.77673,-23.1749],[-45.77964,-23.17029],[-45.77168,-23.17254],[-45.77672,-23.1695],[-45.7797,-23.16976],[-45.78042,-23.16829]]]}},{"type":"Feature","properties":{"id":165,"nome":"Jardim São José Leste"},"geometry":{"type":"Polygon","coordinates":[[[-45.78652,-23.1768],[-45.78557,-23.17047],[-45.78099,-23.16774],[-45.77959,-23.16361],[-45.77721,-23.16679],[-45.78042,-23.16829],[-45.7797,-23.16976],[-45.77672,-23.1695],[-45.77168,-23.17254],[-45.77963,-23.17029],[-45.77673,-23.1749],[-45.77787,-23.17562],[-45.7815,-23.17339],[-45.78299,-23.17467],[-45.78327,-23.17777],[-45.78652,-23.1768]]]}},{"type":"Feature","properties":{"id":166,"nome":"Jardim São Judas Tadeu"},"geometry":{"type":"Polygon","coordinates":[[[-45.84446,-23.26638],[-45.83879,-23.25597],[-45.83859,-23.25115],[-45.83511,-23.25037],[-45.83279,-23.25177],[-45.83056,-23.25066],[-45.83019,-23.25239],[-45.82837,-23.25333],[-45.83114,-23.25607],[-45.82931,-23.26541],[-45.84446,-23.26638]]]}},{"type":"Feature","properties":{"id":167,"nome":"Jardim São Leopoldo"},"geometry":{"type":"MultiPolygon","coordinates":[[[[-45.8262,-23.24494],[-45.8243,-23.24245],[-45.82307,-23.24268],[-45.82294,-23.2411],[-45.81597,-23.24019],[-45.81198,-23.23622],[-45.80369,-23.23444],[-45.80181,-23.23522],[-45.80793,-23.24776],[-45.81273,-23.249],[-45.81538,-23.24736],[-45.81614,-23.24423],[-45.82214,-23.24347],[-45.82394,-23.24526],[-45.8262,-23.24494]]],[[[-45.81379,-23.15988],[-45.80773,-23.1513],[-45.80647,-23.15201],[-45.80557,-23.1591],[-45.8104,-23.16089],[-45.81379,-23.15988]]]]}},{"type":"Feature","properties":{"id":168,"nome":"Jardim São Vicente"},"geometry":{"type":"Polygon","coordinates":[[[-45.82421,-23.15719],[-45.81908,-23.15915],[-45.81532,-23.16822],[-45.81366,-23.16961],[-45.81274,-23.17355],[-45.81503,-23.17532],[-45.81916,-23.17214],[-45.81877,-23.168],[-45.82421,-23.15719]]]}},{"type":"Feature","properties":{"id":169,"nome":"Jardim Telespark"},"geometry":{"type":"Polygon","coordinates":[[[-45.91204,-23.16264],[-45.91063,-23.15909],[-45.90799,-23.15763],[-45.90343,-23.1614],[-45.90444,-23.16501],[-45.90673,-23.16352],[-45.91204,-23.16264]]]}},{"type":"Feature","properties":{"id":170,"nome":"Jardim Terras do Sul"},"geometry":{"type":"Polygon","coordinates":[[[-45.89705,-23.2454],[-45.89413,-23.24582],[-45.89335,-23.24472],[-45.89238,-23.24579],[-45.89201,-23.245],[-45.89049,-23.24564],[-45.89047,-23.24647],[-45.89244,-23.24786],[-45.89399,-23.24711],[-45.89608,-23.2489],[-45.89705,-23.2454]]]}},{"type":"Feature","properties":{"id":171,"nome":"Jardim Topázio"},"geometry":{"type":"Polygon","coordinates":[[[-45.8862,-23.19709],[-45.88414,-23.19629],[-45.88382,-23.19505],[-45.88146,-23.19462],[-45.88133,-23.19613],[-45.88466,-23.1981],[-45.8862,-23.19709]]]}},{"type":"Feature","properties":{"id":172,"nome":"Jardim Torrão de Ouro"},"geometry":{"type":"Polygon","coordinates":[[[-45.87993,-23.26486],[-45.87779,-23.26083],[-45.87341,-23.26375],[-45.87019,-23.25984],[-45.87779,-23.24622],[-45.87615,-23.241],[-45.86756,-23.23646],[-45.86433,-23.23627],[-45.86349,-23.23736],[-45.86692,-23.24956],[-45.85579,-23.25822],[-45.85273,-23.25859],[-45.847,-23.2674],[-45.86384,-23.27325],[-45.86313,-23.27534],[-45.86491,-23.27776],[-45.86571,-23.28285],[-45.87112,-23.28201],[-45.87729,-23.2834],[-45.87861,-23.27696],[-45.87173,-23.27291],[-45.87208,-23.27094],[-45.87876,-23.27064],[-45.8783,-23.26791],[-45.87993,-23.26486]],[[-45.86671,-23.27374],[-45.86517,-23.2756],[-45.8656,-23.27369],[-45.86939,-23.27379],[-45.87015,-23.2779],[-45.86671,-23.27374]]]}},{"type":"Feature","properties":{"id":173,"nome":"Jardim Três José"},"geometry":{"type":"Polygon","coordinates":[[[-45.81558,-23.27493],[-45.81426,-23.25631],[-45.81245,-23.25174],[-45.79979,-23.26573],[-45.78895,-23.28135],[-45.79349,-23.29185],[-45.80287,-23.29318],[-45.81558,-23.27493]]]}},{"type":"Feature","properties":{"id":174,"nome":"Jardim Uirá"},"geometry":{"type":"Polygon","coordinates":[[[-45.85507,-23.21111],[-45.85479,-23.20968],[-45.85163,-23.20771],[-45.85006,-23.21079],[-45.84836,-23.21115],[-45.84619,-23.20944],[-45.84521,-23.21335],[-45.84635,-23.21511],[-45.84856,-23.21327],[-45.85163,-23.21318],[-45.85321,-23.21439],[-45.85507,-23.21111]]]}},{"type":"Feature","properties":{"id":175,"nome":"Jardim Vale do Sol"},"geometry":{"type":"Polygon","coordinates":[[[-45.91868,-23.2583],[-45.91645,-23.25736],[-45.91462,-23.25298],[-45.91197,-23.25246],[-45.90961,-23.24904],[-45.90783,-23.25256],[-45.90946,-23.25408],[-45.90888,-23.25609],[-45.91102,-23.25781],[-45.91037,-23.25914],[-45.91157,-23.25991],[-45.91121,-23.26252],[-45.912,-23.26309],[-45.91395,-23.26023],[-45.91657,-23.26054],[-45.91868,-23.2583]]]}},{"type":"Feature","properties":{"id":176,"nome":"Jardim Valparaíba"},"geometry":{"type":"Polygon","coordinates":[[[-45.84415,-23.1754],[-45.843,-23.17279],[-45.84155,-23.17278],[-45.84085,-23.1715],[-45.83552,-23.17148],[-45.83504,-23.17543],[-45.84142,-23.18021],[-45.84415,-23.1754]]]}},{"type":"Feature","properties":{"id":177,"nome":"Jardim Veneza"},"geometry":{"type":"Polygon","coordinates":[[[-45.91253,-23.24349],[-45.91035,-23.23922],[-45.90789,-23.23983],[-45.90827,-23.2426],[-45.91015,-23.24486],[-45.91253,-23.24349]]]}},{"type":"Feature","properties":{"id":178,"nome":"Jardim da Granja"},"geometry":{"type":"MultiPolygon","coordinates":[[[[-45.86826,-23.21618],[-45.86419,-23.20666],[-45.8586,-23.20339],[-45.85794,-23.2018],[-45.85551,-23.20335],[-45.8554,-23.20464],[-45.85324,-23.20432],[-45.85135,-23.2066],[-45.85352,-23.20945],[-45.85803,-23.20959],[-45.85669,-23.21136],[-45.85701,-23.21287],[-45.8619,-23.21409],[-45.86588,-23.21692],[-45.86826,-23.21618]]],[[[-45.86433,-23.23627],[-45.86377,-23.2312],[-45.85257,-23.2261],[-45.85222,-23.23162],[-45.86069,-23.23831],[-45.86433,-23.23627]]]]}},{"type":"Feature","properties":{"id":179,"nome":"Jardim das Cerejeiras"},"geometry":{"type":"MultiPolygon","coordinates":[[[[-45.77024,-23.19402],[-45.76332,-23.1952],[-45.76322,-23.19725],[-45.76894,-23.19947],[-45.77024,-23.19402]]],[[[-45.79281,-23.19603],[-45.78888,-23.1862],[-45.78742,-23.18516],[-45.78433,-23.18633],[-45.78554,-23.18911],[-45.7877,-23.19012],[-45.78827,-23.19762],[-45.79108,-23.20322],[-45.79276,-23.20357],[-45.79263,-23.20011],[-45.7907,-23.19713],[-45.79281,-23.19603]]]]}},{"type":"Feature","properties":{"id":180,"nome":"Jardim das Colinas"},"geometry":{"type":"Polygon","coordinates":[[[-45.92484,-23.21028],[-45.9226,-23.20133],[-45.91739,-23.19888],[-45.9116,-23.20102],[-45.90912,-23.2004],[-45.90698,-23.20401],[-45.9084,-23.21135],[-45.90963,-23.21178],[-45.91174,-23.20994],[-45.91706,-23.21493],[-45.92484,-23.21028]]]}},{"type":"Feature","properties":{"id":181,"nome":"Jardim das Flores"},"geometry":{"type":"Polygon","coordinates":[[[-45.81105,-23.12077],[-45.79303,-23.14154],[-45.78971,-23.14725],[-45.79563,-23.14638],[-45.79689,-23.14736],[-45.79307,-23.15197],[-45.79561,-23.15276],[-45.79928,-23.14948],[-45.80183,-23.1489],[-45.80276,-23.14319],[-45.81105,-23.12077]]]}},{"type":"Feature","properties":{"id":182,"nome":"Jardim das Indústrias"},"geometry":{"type":"Polygon","coordinates":[[[-45.94651,-23.22441],[-45.94255,-23.22044],[-45.9343,-23.21762],[-45.92484,-23.21028],[-45.91706,-23.21493],[-45.91426,-23.21781],[-45.91644,-23.22547],[-45.91496,-23.22581],[-45.91504,-23.22905],[-45.90982,-23.22784],[-45.91001,-23.23273],[-45.91475,-23.23226],[-45.91558,-23.23478],[-45.92108,-23.23603],[-45.9263,-23.239],[-45.93196,-23.2327],[-45.94651,-23.22441]]]}},{"type":"Feature","properties":{"id":183,"nome":"Jardim das Paineiras I"},"geometry":{"type":"Polygon","coordinates":[[[-45.78691,-23.20837],[-45.78617,-23.20546],[-45.78448,-23.20671],[-45.78335,-23.20628],[-45.7815,-23.20831],[-45.78559,-23.2123],[-45.78691,-23.20837]]]}},{"type":"Feature","properties":{"id":184,"nome":"Jardim das Paineiras II"},"geometry":{"type":"Polygon","coordinates":[[[-45.7945,-23.20483],[-45.79108,-23.20322],[-45.78689,-23.20328],[-45.78615,-23.21207],[-45.78956,-23.21267],[-45.7945,-23.20483]]]}},{"type":"Feature","properties":{"id":185,"nome":"Jardim do Céu"},"geometry":{"type":"Polygon","coordinates":[[[-45.90108,-23.24332],[-45.90012,-23.24125],[-45.89786,-23.24068],[-45.8976,-23.24259],[-45.89875,-23.24373],[-45.90108,-23.24332]]]}},{"type":"Feature","properties":{"id":186,"nome":"Jardim do Golfe"},"geometry":{"type":"Polygon","coordinates":[[[-45.92908,-23.18954],[-45.92694,-23.18468],[-45.92708,-23.17601],[-45.91623,-23.17816],[-45.91735,-23.18678],[-45.91494,-23.19483],[-45.91739,-23.19888],[-45.9226,-23.20133],[-45.92557,-23.19275],[-45.92908,-23.18954]]]}},{"type":"Feature","properties":{"id":187,"nome":"Jardim do Lago"},"geometry":{"type":"Polygon","coordinates":[[[-45.85144,-23.24374],[-45.84718,-23.23877],[-45.84088,-23.23435],[-45.83791,-23.24391],[-45.84152,-23.24866],[-45.84971,-23.24848],[-45.85144,-23.24374]]]}},{"type":"Feature","properties":{"id":188,"nome":"Jardim dos Bandeirantes"},"geometry":{"type":"Polygon","coordinates":[[[-45.9109,-23.2814],[-45.90327,-23.28411],[-45.90027,-23.28394],[-45.89905,-23.28733],[-45.90264,-23.28747],[-45.90321,-23.28657],[-45.9085,-23.28931],[-45.9109,-23.2814]]]}},{"type":"Feature","properties":{"id":189,"nome":"Loteamento Boa Esperança II"},"geometry":{"type":"Polygon","coordinates":[[[-45.79263,-23.20011],[-45.79281,-23.19603],[-45.7907,-23.19713],[-45.79263,-23.20011]]]}},{"type":"Feature","properties":{"id":190,"nome":"Loteamento Conjunto Morada do Sol II"},"geometry":{"type":"Polygon","coordinates":[[[-45.91787,-23.25537],[-45.91726,-23.25299],[-45.91462,-23.25298],[-45.91525,-23.25435],[-45.91787,-23.25537]]]}},{"type":"Feature","properties":{"id":191,"nome":"Loteamento Fazenda Ronda"},"geometry":{"type":"Polygon","coordinates":[[[-45.83499,-23.13812],[-45.82665,-23.12922],[-45.80773,-23.1513],[-45.81379,-23.15988],[-45.81908,-23.15915],[-45.82576,-23.15638],[-45.83499,-23.13812]]]}},{"type":"Feature","properties":{"id":192,"nome":"Loteamento Floresta"},"geometry":{"type":"MultiPolygon","coordinates":[[[[-45.77889,-23.17715],[-45.77673,-23.1749],[-45.7709,-23.173],[-45.75645,-23.17164],[-45.75475,-23.17429],[-45.76131,-23.18235],[-45.77514,-23.1888],[-45.77819,-23.18631],[-45.77745,-23.18183],[-45.77889,-23.17715]]],[[[-45.81784,-23.22813],[-45.81577,-23.22745],[-45.81485,-23.22572],[-45.81316,-23.22565],[-45.8112,-23.22817],[-45.80761,-23.22944],[-45.80369,-23.23444],[-45.81198,-23.23622],[-45.81422,-23.2324],[-45.81727,-23.23114],[-45.81784,-23.22813]]],[[[-45.83878,-23.2223],[-45.83356,-23.21751],[-45.83013,-23.21589],[-45.82871,-23.21931],[-45.82078,-23.22128],[-45.82221,-23.2244],[-45.82403,-23.22566],[-45.8225,-23.23071],[-45.82638,-23.23283],[-45.83153,-23.23225],[-45.83291,-23.23056],[-45.8347,-23.2305],[-45.83878,-23.2223]]],[[[-45.90486,-23.12189],[-45.89333,-23.11485],[-45.89296,-23.14028],[-45.90317,-23.13467],[-45.90486,-23.12189]]]]}},{"type":"Feature","properties":{"id":193,"nome":"Loteamento Jardim Helena"},"geometry":{"type":"Polygon","coordinates":[[[-45.8022,-23.23477],[-45.79647,-23.22882],[-45.79172,-23.22591],[-45.79124,-23.22865],[-45.7827,-23.24233],[-45.8022,-23.23477]]]}},{"type":"Feature","properties":{"id":194,"nome":"Loteamento Portal Santa Inês"},"geometry":{"type":"Polygon","coordinates":[[[-45.78327,-23.17777],[-45.78299,-23.17467],[-45.7815,-23.17339],[-45.77787,-23.17562],[-45.77889,-23.17715],[-45.78327,-23.17777]]]}},{"type":"Feature","properties":{"id":195,"nome":"Loteamento Residencial Vista Linda"},"geometry":{"type":"Polygon","coordinates":[[[-45.87338,-23.17472],[-45.87311,-23.16518],[-45.86825,-23.15431],[-45.8576,-23.15044],[-45.85385,-23.17077],[-45.85503,-23.17397],[-45.86033,-23.17574],[-45.86096,-23.17808],[-45.86491,-23.17657],[-45.8671,-23.17388],[-45.86836,-23.17582],[-45.87178,-23.17684],[-45.87338,-23.17472]]]}},{"type":"Feature","properties":{"id":196,"nome":"Loteamento Santa Edwiges"},"geometry":{"type":"Polygon","coordinates":[[[-45.90779,-23.29055],[-45.90325,-23.28967],[-45.90001,-23.29039],[-45.89917,-23.29128],[-45.89988,-23.29534],[-45.90399,-23.29458],[-45.90779,-23.29055]]]}},{"type":"Feature","properties":{"id":197,"nome":"Loteamento Terra Brasilis"},"geometry":{"type":"Polygon","coordinates":[[[-45.82647,-23.24504],[-45.82394,-23.24526],[-45.82214,-23.24347],[-45.81614,-23.24423],[-45.81538,-23.24736],[-45.8213,-23.25034],[-45.82426,-23.24944],[-45.82601,-23.24751],[-45.82647,-23.24504]]]}},{"type":"Feature","properties":{"id":198,"nome":"Loteamento Terras Alpha São José dos Campos"},"geometry":{"type":"Polygon","coordinates":[[[-45.93208,-23.1982],[-45.9319,-23.19719],[-45.92642,-23.19695],[-45.9238,-23.19831],[-45.92298,-23.2004],[-45.93208,-23.1982]]]}},{"type":"Feature","properties":{"id":199,"nome":"Loteamento Tom Jobim"},"geometry":{"type":"Polygon","coordinates":[[[-45.80904,-23.22299],[-45.80348,-23.22105],[-45.80131,-23.22822],[-45.8022,-23.23477],[-45.80369,-23.23444],[-45.80761,-23.22944],[-45.80904,-23.22299]]]}},{"type":"Feature","properties":{"id":200,"nome":"Loteamento Urbanova II"},"geometry":{"type":"MultiPolygon","coordinates":[[[[-45.94533,-23.19965],[-45.94578,-23.19375],[-45.9427,-23.19296],[-45.94256,-23.19945],[-45.94533,-23.19965]]],[[[-45.94729,-23.20095],[-45.94445,-23.20174],[-45.94479,-23.2034],[-45.94538,-23.20192],[-45.9464,-23.20233],[-45.94672,-23.20923],[-45.94729,-23.20095]]]]}},{"type":"Feature","properties":{"id":201,"nome":"Loteamento Verana"},"geometry":{"type":"Polygon","coordinates":[[[-45.85257,-23.2261],[-45.85033,-23.22387],[-45.84601,-23.22401],[-45.84595,-23.22915],[-45.84225,-23.2347],[-45.84718,-23.23877],[-45.84925,-23.23231],[-45.85222,-23.23162],[-45.85257,-23.2261]]]}},{"type":"Feature","properties":{"id":202,"nome":"Loteamento Vivant Urbanova"},"geometry":{"type":"Polygon","coordinates":[[[-45.97607,-23.16328],[-45.95708,-23.1782],[-45.95318,-23.18235],[-45.95404,-23.18369],[-45.97607,-23.16328]]]}},{"type":"Feature","properties":{"id":203,"nome":"Monte Castelo"},"geometry":{"type":"Polygon","coordinates":[[[-45.8774,-23.1865],[-45.87699,-23.182],[-45.87481,-23.17975],[-45.87551,-23.17711],[-45.87241,-23.17729],[-45.87174,-23.17899],[-45.86891,-23.17847],[-45.86756,-23.18342],[-45.86404,-23.18569],[-45.86344,-23.18848],[-45.86987,-23.19084],[-45.87248,-23.18849],[-45.87674,-23.18821],[-45.87537,-23.18549],[-45.8774,-23.1865]],[[-45.87487,-23.1854],[-45.87318,-23.18661],[-45.87258,-23.18624],[-45.87367,-23.18484],[-45.87487,-23.1854]]]}},{"type":"Feature","properties":{"id":204,"nome":"Morada do Sol"},"geometry":{"type":"MultiPolygon","coordinates":[[[[-45.90958,-23.23904],[-45.90861,-23.23815],[-45.90715,-23.2379],[-45.9073,-23.23964],[-45.90958,-23.23904]]],[[[-45.9194,-23.25811],[-45.91787,-23.25537],[-45.91525,-23.25435],[-45.91645,-23.25736],[-45.9194,-23.25811]]]]}},{"type":"Feature","properties":{"id":206,"nome":"Palmeiras de São José"},"geometry":{"type":"Polygon","coordinates":[[[-45.92021,-23.23591],[-45.91558,-23.23478],[-45.91475,-23.23226],[-45.90967,-23.23299],[-45.91035,-23.23922],[-45.91328,-23.24137],[-45.91502,-23.24008],[-45.91896,-23.23988],[-45.92021,-23.23591]]]}},{"type":"Feature","properties":{"id":207,"nome":"Parque Independencia"},"geometry":{"type":"Polygon","coordinates":[[[-45.9194,-23.25811],[-45.91983,-23.25333],[-45.92004,-23.25106],[-45.91713,-23.25383],[-45.9194,-23.25811]]]}},{"type":"Feature","properties":{"id":208,"nome":"Parque Industrial"},"geometry":{"type":"Polygon","coordinates":[[[-45.9129,-23.24843],[-45.90827,-23.2426],[-45.9073,-23.23964],[-45.90715,-23.2379],[-45.91035,-23.23922],[-45.91062,-23.23846],[-45.90947,-23.2348],[-45.90982,-23.22784],[-45.90822,-23.2276],[-45.90664,-23.22382],[-45.90357,-23.22393],[-45.90063,-23.22644],[-45.90212,-23.22907],[-45.9013,-23.23011],[-45.90179,-23.23244],[-45.90304,-23.23268],[-45.90347,-23.23611],[-45.9056,-23.2378],[-45.90393,-23.24047],[-45.90586,-23.24376],[-45.90743,-23.24373],[-45.90713,-23.24604],[-45.90864,-23.24835],[-45.91096,-23.25003],[-45.91289,-23.24978],[-45.9129,-23.24843]]]}},{"type":"Feature","properties":{"id":209,"nome":"Parque Interlagos"},"geometry":{"type":"MultiPolygon","coordinates":[[[[-45.86571,-23.28285],[-45.86491,-23.27776],[-45.86313,-23.27534],[-45.86384,-23.27325],[-45.86246,-23.27345],[-45.8616,-23.2764],[-45.86368,-23.28382],[-45.86571,-23.28285]]],[[[-45.87015,-23.2779],[-45.86939,-23.27379],[-45.8656,-23.27369],[-45.86517,-23.2756],[-45.86671,-23.27374],[-45.87015,-23.2779]]],[[[-45.89188,-23.27394],[-45.89183,-23.27292],[-45.88908,-23.27273],[-45.88779,-23.27076],[-45.88567,-23.27065],[-45.88765,-23.269],[-45.88435,-23.26849],[-45.87948,-23.27208],[-45.87876,-23.27064],[-45.87208,-23.27094],[-45.87173,-23.27291],[-45.87861,-23.27696],[-45.87803,-23.281],[-45.88622,-23.27736],[-45.887,-23.27373],[-45.88856,-23.27401],[-45.88814,-23.27509],[-45.89188,-23.27394]]]]}},{"type":"Feature","properties":{"id":210,"nome":"Parque Martim Cererê"},"geometry":{"type":"Polygon","coordinates":[[[-45.86736,-23.2171],[-45.8619,-23.21409],[-45.85701,-23.21287],[-45.85669,-23.21136],[-45.85803,-23.20959],[-45.85534,-23.20928],[-45.85507,-23.21111],[-45.85649,-23.21267],[-45.85513,-23.21268],[-45.85636,-23.2134],[-45.85584,-23.21607],[-45.85743,-23.21824],[-45.85261,-23.22019],[-45.85033,-23.22387],[-45.85257,-23.2261],[-45.86377,-23.2312],[-45.86736,-23.2171]]]}},{"type":"Feature","properties":{"id":211,"nome":"Parque Nova Esperança"},"geometry":{"type":"Polygon","coordinates":[[[-45.79108,-23.20322],[-45.78827,-23.19762],[-45.78286,-23.20108],[-45.78016,-23.20061],[-45.77695,-23.19673],[-45.76894,-23.19947],[-45.77144,-23.2069],[-45.77435,-23.20561],[-45.7815,-23.20831],[-45.78335,-23.20628],[-45.78448,-23.20671],[-45.78617,-23.20546],[-45.78689,-23.20328],[-45.79108,-23.20322]]]}},{"type":"Feature","properties":{"id":212,"nome":"Parque Novo Horizonte"},"geometry":{"type":"Polygon","coordinates":[[[-45.7886,-23.19655],[-45.7877,-23.19012],[-45.78554,-23.18911],[-45.78433,-23.18633],[-45.77819,-23.18631],[-45.77514,-23.1888],[-45.77695,-23.19673],[-45.78016,-23.20061],[-45.78286,-23.20108],[-45.78648,-23.19913],[-45.7886,-23.19655]]]}},{"type":"Feature","properties":{"id":213,"nome":"Parque Residencial Aquarius"},"geometry":{"type":"Polygon","coordinates":[[[-45.91362,-23.21794],[-45.91006,-23.21423],[-45.90644,-23.21361],[-45.90413,-23.21196],[-45.89827,-23.215],[-45.90295,-23.22024],[-45.90185,-23.22311],[-45.90455,-23.22413],[-45.91061,-23.22282],[-45.91362,-23.21794]]]}},{"type":"Feature","properties":{"id":214,"nome":"Parque Residencial Flamboyant"},"geometry":{"type":"Polygon","coordinates":[[[-45.85743,-23.21824],[-45.85277,-23.2138],[-45.84856,-23.21327],[-45.84529,-23.21664],[-45.84438,-23.22315],[-45.85033,-23.22387],[-45.85261,-23.22019],[-45.85743,-23.21824]]]}},{"type":"Feature","properties":{"id":215,"nome":"Parque Santa Rita"},"geometry":{"type":"Polygon","coordinates":[[[-45.86031,-23.20267],[-45.85857,-23.2014],[-45.85775,-23.19717],[-45.85521,-23.19437],[-45.84666,-23.19475],[-45.84343,-23.1965],[-45.85135,-23.2066],[-45.85324,-23.20432],[-45.85567,-23.20442],[-45.85696,-23.20173],[-45.85899,-23.20367],[-45.86031,-23.20267]]]}},{"type":"Feature","properties":{"id":216,"nome":"Parque Santos Dumont"},"geometry":{"type":"Polygon","coordinates":[[[-45.86069,-23.23831],[-45.85222,-23.23162],[-45.84925,-23.23231],[-45.84718,-23.23877],[-45.85144,-23.24374],[-45.86069,-23.23831]]]}},{"type":"Feature","properties":{"id":217,"nome":"Parque dos Ipês"},"geometry":{"type":"Polygon","coordinates":[[[-45.89816,-23.26403],[-45.89804,-23.26315],[-45.89535,-23.26281],[-45.89386,-23.26055],[-45.89202,-23.26235],[-45.8927,-23.26433],[-45.89548,-23.26513],[-45.89617,-23.26647],[-45.89758,-23.26614],[-45.89682,-23.26439],[-45.89816,-23.26403]]]}},{"type":"Feature","properties":{"id":218,"nome":"Portal de Minas"},"geometry":{"type":"Polygon","coordinates":[[[-45.89211,-23.15956],[-45.8903,-23.15859],[-45.88393,-23.16103],[-45.88525,-23.16169],[-45.89211,-23.15956]]]}},{"type":"Feature","properties":{"id":219,"nome":"Portal do Céu"},"geometry":{"type":"Polygon","coordinates":[[[-45.77024,-23.19402],[-45.77514,-23.1888],[-45.76131,-23.18235],[-45.76332,-23.1952],[-45.77024,-23.19402]]]}},{"type":"Feature","properties":{"id":220,"nome":"Portal dos Passaros"},"geometry":{"type":"Polygon","coordinates":[[[-45.92168,-23.03442],[-45.88491,-23.00916],[-45.88572,-23.01784],[-45.87916,-23.02795],[-45.85739,-23.03776],[-45.85235,-23.04472],[-45.84752,-23.04532],[-45.84213,-23.04121],[-45.83706,-23.04764],[-45.85556,-23.07749],[-45.87558,-23.08719],[-45.9121,-23.05524],[-45.92168,-23.03442]]]}},{"type":"Feature","properties":{"id":221,"nome":"Primavera 1B"},"geometry":{"type":"Polygon","coordinates":[[[-45.77144,-23.2069],[-45.77007,-23.20409],[-45.76394,-23.20316],[-45.75967,-23.20066],[-45.75701,-23.20219],[-45.76312,-23.21859],[-45.76943,-23.21128],[-45.77144,-23.2069]]]}},{"type":"Feature","properties":{"id":222,"nome":"Putim"},"geometry":{"type":"MultiPolygon","coordinates":[[[[-45.81273,-23.249],[-45.80793,-23.24776],[-45.80556,-23.24872],[-45.80027,-23.25591],[-45.78971,-23.28013],[-45.79979,-23.26573],[-45.81245,-23.25174],[-45.81273,-23.249]]],[[[-45.86692,-23.24956],[-45.86349,-23.23736],[-45.85144,-23.24374],[-45.84971,-23.24848],[-45.85273,-23.25859],[-45.85579,-23.25822],[-45.86692,-23.24956]]]]}},{"type":"Feature","properties":{"id":223,"nome":"Recanto Caeté"},"geometry":{"type":"Polygon","coordinates":[[[-45.91509,-23.15036],[-45.91373,-23.14909],[-45.90881,-23.15078],[-45.91328,-23.15181],[-45.91509,-23.15036]]]}},{"type":"Feature","properties":{"id":224,"nome":"Recanto dos Eucaliptos"},"geometry":{"type":"Polygon","coordinates":[[[-45.84601,-23.22401],[-45.83878,-23.2223],[-45.8347,-23.2305],[-45.8375,-23.23296],[-45.84225,-23.2347],[-45.84595,-23.22915],[-45.84601,-23.22401]]]}},{"type":"Feature","properties":{"id":225,"nome":"Recanto dos Pinheiros"},"geometry":{"type":"Polygon","coordinates":[[[-45.92064,-23.25015],[-45.91775,-23.24821],[-45.91693,-23.24883],[-45.91987,-23.25108],[-45.92064,-23.25015]]]}},{"type":"Feature","properties":{"id":226,"nome":"Residencial Alto dos Ypês"},"geometry":{"type":"Polygon","coordinates":[[[-45.921,-23.15074],[-45.92077,-23.14703],[-45.91475,-23.14549],[-45.91337,-23.14637],[-45.91368,-23.149],[-45.91509,-23.15036],[-45.921,-23.15074]]]}},{"type":"Feature","properties":{"id":227,"nome":"Residencial Altos do Bosque"},"geometry":{"type":"Polygon","coordinates":[[[-45.89617,-23.26647],[-45.89217,-23.26354],[-45.88986,-23.26572],[-45.89353,-23.26636],[-45.89422,-23.26762],[-45.89617,-23.26647]]]}},{"type":"Feature","properties":{"id":228,"nome":"Residencial Ana Maria"},"geometry":{"type":"Polygon","coordinates":[[[-45.8089,-23.18606],[-45.80828,-23.18078],[-45.80253,-23.18085],[-45.80303,-23.183],[-45.80696,-23.18667],[-45.8089,-23.18606]]]}},{"type":"Feature","properties":{"id":229,"nome":"Residencial Armando Moreira Righi"},"geometry":{"type":"MultiPolygon","coordinates":[[[[-45.77071,-23.13722],[-45.76907,-23.13439],[-45.7644,-23.13251],[-45.75623,-23.1364],[-45.75962,-23.15024],[-45.75728,-23.15567],[-45.77049,-23.14206],[-45.77071,-23.13722]]],[[[-45.7866,-23.15796],[-45.77971,-23.15824],[-45.77959,-23.16361],[-45.78099,-23.16774],[-45.78198,-23.16797],[-45.78469,-23.16434],[-45.7866,-23.15796]]]]}},{"type":"Feature","properties":{"id":230,"nome":"Residencial Bosque dos Ipês"},"geometry":{"type":"Polygon","coordinates":[[[-45.90205,-23.25865],[-45.89928,-23.25778],[-45.89864,-23.2555],[-45.89947,-23.25335],[-45.89608,-23.2489],[-45.89491,-23.2514],[-45.89271,-23.25264],[-45.89404,-23.25559],[-45.89386,-23.26055],[-45.89535,-23.26281],[-45.89804,-23.26315],[-45.89892,-23.26093],[-45.90138,-23.26026],[-45.90205,-23.25865]]]}},{"type":"Feature","properties":{"id":231,"nome":"Residencial Cambuí"},"geometry":{"type":"Polygon","coordinates":[[[-45.86429,-23.19647],[-45.86146,-23.19348],[-45.85521,-23.19437],[-45.85867,-23.19783],[-45.86231,-23.19876],[-45.86429,-23.19647]]]}},{"type":"Feature","properties":{"id":232,"nome":"Residencial Dom Bosco"},"geometry":{"type":"Polygon","coordinates":[[[-45.80507,-23.19874],[-45.80383,-23.19538],[-45.79623,-23.19086],[-45.79276,-23.19273],[-45.79312,-23.19897],[-45.79724,-23.19706],[-45.80507,-23.19874]]]}},{"type":"Feature","properties":{"id":233,"nome":"Residencial Dunamis"},"geometry":{"type":"Polygon","coordinates":[[[-45.78338,-23.21568],[-45.77992,-23.21362],[-45.76943,-23.21128],[-45.76312,-23.21859],[-45.75696,-23.24074],[-45.75646,-23.25285],[-45.76044,-23.25022],[-45.77207,-23.2361],[-45.78338,-23.21568]]]}},{"type":"Feature","properties":{"id":234,"nome":"Residencial Frei Galvão"},"geometry":{"type":"Polygon","coordinates":[[[-45.79271,-23.16743],[-45.79097,-23.16571],[-45.78776,-23.16756],[-45.78686,-23.16625],[-45.78649,-23.15858],[-45.78469,-23.16434],[-45.78492,-23.17002],[-45.78805,-23.17021],[-45.79271,-23.16743]]]}},{"type":"Feature","properties":{"id":235,"nome":"Residencial Gazzo"},"geometry":{"type":"Polygon","coordinates":[[[-45.90121,-23.26741],[-45.90138,-23.26026],[-45.89892,-23.26093],[-45.89774,-23.26617],[-45.90121,-23.26741]]]}},{"type":"Feature","properties":{"id":236,"nome":"Residencial Interlagos"},"geometry":{"type":"MultiPolygon","coordinates":[[[[-45.80609,-23.18091],[-45.80519,-23.17693],[-45.80267,-23.17659],[-45.80152,-23.17837],[-45.80253,-23.18085],[-45.80609,-23.18091]]],[[[-45.86258,-23.27511],[-45.86129,-23.27253],[-45.85643,-23.2711],[-45.85818,-23.27323],[-45.86258,-23.27511]]]]}},{"type":"Feature","properties":{"id":237,"nome":"Residencial Jatobá"},"geometry":{"type":"Polygon","coordinates":[[[-45.82854,-23.25386],[-45.82647,-23.25027],[-45.82426,-23.24944],[-45.8213,-23.25034],[-45.82385,-23.25932],[-45.82854,-23.25386]]]}},{"type":"Feature","properties":{"id":238,"nome":"Residencial Juritis"},"geometry":{"type":"Polygon","coordinates":[[[-45.82931,-23.26541],[-45.82982,-23.25999],[-45.82815,-23.25477],[-45.82385,-23.25932],[-45.82408,-23.26709],[-45.82931,-23.26541]]]}},{"type":"Feature","properties":{"id":239,"nome":"Residencial Pinheirinho dos Palmares II"},"geometry":{"type":"Polygon","coordinates":[[[-45.80556,-23.24872],[-45.80177,-23.24895],[-45.80171,-23.24686],[-45.80505,-23.24294],[-45.80181,-23.23522],[-45.78855,-23.24077],[-45.80088,-23.24882],[-45.78013,-23.27311],[-45.78895,-23.28135],[-45.80027,-23.25591],[-45.80556,-23.24872]]]}},{"type":"Feature","properties":{"id":240,"nome":"Residencial Planalto"},"geometry":{"type":"Polygon","coordinates":[[[-45.86644,-23.18451],[-45.86488,-23.18039],[-45.86142,-23.18219],[-45.86074,-23.18366],[-45.86404,-23.18569],[-45.86644,-23.18451]]]}},{"type":"Feature","properties":{"id":241,"nome":"Residencial Ribeira"},"geometry":{"type":"Polygon","coordinates":[[[-45.77992,-23.14532],[-45.77791,-23.14437],[-45.77563,-23.14629],[-45.77533,-23.15229],[-45.77914,-23.14903],[-45.77992,-23.14532]]]}},{"type":"Feature","properties":{"id":242,"nome":"Residencial Sol Nascente"},"geometry":{"type":"Polygon","coordinates":[[[-45.8951,-23.24515],[-45.89435,-23.24412],[-45.89294,-23.24445],[-45.89224,-23.24219],[-45.89042,-23.24555],[-45.8951,-23.24515]]]}},{"type":"Feature","properties":{"id":243,"nome":"Residencial São Francisco"},"geometry":{"type":"Polygon","coordinates":[[[-45.84635,-23.21511],[-45.84521,-23.21335],[-45.84309,-23.21299],[-45.84124,-23.20899],[-45.83932,-23.21368],[-45.83356,-23.21751],[-45.83878,-23.2223],[-45.84438,-23.22315],[-45.84635,-23.21511]]]}},{"type":"Feature","properties":{"id":244,"nome":"Residencial Tatetuba"},"geometry":{"type":"Polygon","coordinates":[[[-45.86404,-23.18569],[-45.86081,-23.18382],[-45.85881,-23.1871],[-45.85698,-23.18518],[-45.85726,-23.19058],[-45.85531,-23.1943],[-45.86274,-23.19269],[-45.86404,-23.18569]]]}},{"type":"Feature","properties":{"id":245,"nome":"Residencial União"},"geometry":{"type":"Polygon","coordinates":[[[-45.91238,-23.27652],[-45.91082,-23.26607],[-45.91196,-23.26412],[-45.91078,-23.26202],[-45.91157,-23.25991],[-45.91037,-23.25914],[-45.90438,-23.261],[-45.90322,-23.26236],[-45.90167,-23.26166],[-45.90285,-23.26364],[-45.90194,-23.26394],[-45.90121,-23.26741],[-45.90298,-23.26966],[-45.90932,-23.2732],[-45.91238,-23.27652]]]}},{"type":"Feature","properties":{"id":246,"nome":"Residencial de Ville"},"geometry":{"type":"Polygon","coordinates":[[[-45.91801,-23.25107],[-45.91598,-23.24922],[-45.91347,-23.25059],[-45.91336,-23.25211],[-45.91462,-23.25298],[-45.91801,-23.25107]]]}},{"type":"Feature","properties":{"id":247,"nome":"Rio Comprido"},"geometry":{"type":"Polygon","coordinates":[[[-45.9416,-23.25244],[-45.93768,-23.24821],[-45.93535,-23.24987],[-45.9372,-23.25501],[-45.93572,-23.25664],[-45.93725,-23.25878],[-45.94052,-23.25994],[-45.9396,-23.2541],[-45.9416,-23.25244]]]}},{"type":"Feature","properties":{"id":248,"nome":"Ronda"},"geometry":{"type":"Polygon","coordinates":[[[-45.82665,-23.12922],[-45.82307,-23.12404],[-45.81193,-23.1193],[-45.80276,-23.14319],[-45.80183,-23.1489],[-45.8031,-23.15127],[-45.80647,-23.15201],[-45.80773,-23.1513],[-45.82665,-23.12922]]]}},{"type":"Feature","properties":{"id":249,"nome":"Santa Cecília II"},"geometry":{"type":"MultiPolygon","coordinates":[[[[-45.81324,-23.21986],[-45.81068,-23.22028],[-45.80887,-23.22224],[-45.80761,-23.22944],[-45.8112,-23.22817],[-45.81316,-23.22565],[-45.81324,-23.21986]]],[[[-45.8225,-23.23071],[-45.82248,-23.22868],[-45.81784,-23.22813],[-45.81727,-23.23114],[-45.81891,-23.2322],[-45.8225,-23.23071]]]]}},{"type":"Feature","properties":{"id":250,"nome":"Santa Lúcia"},"geometry":{"type":"Polygon","coordinates":[[[-45.77696,-23.1966],[-45.77692,-23.19373],[-45.77518,-23.18937],[-45.77024,-23.19402],[-45.76984,-23.1987],[-45.77696,-23.1966]]]}},{"type":"Feature","properties":{"id":251,"nome":"Santana"},"geometry":{"type":"Polygon","coordinates":[[[-45.90444,-23.16501],[-45.90186,-23.15748],[-45.90349,-23.15664],[-45.90374,-23.15468],[-45.89427,-23.15198],[-45.89358,-23.1558],[-45.89461,-23.16152],[-45.89495,-23.16286],[-45.89682,-23.16313],[-45.89322,-23.16443],[-45.89287,-23.16143],[-45.88868,-23.16191],[-45.89057,-23.16309],[-45.88713,-23.17057],[-45.88978,-23.17235],[-45.89921,-23.16997],[-45.90252,-23.17199],[-45.90444,-23.16501]]]}},{"type":"Feature","properties":{"id":252,"nome":"Serrote"},"geometry":{"type":"Polygon","coordinates":[[[-45.86474,-23.12321],[-45.85609,-23.11337],[-45.83283,-23.11291],[-45.82307,-23.12404],[-45.83499,-23.13812],[-45.84892,-23.14155],[-45.86474,-23.12321]]]}},{"type":"Feature","properties":{"id":253,"nome":"Setville Altos de São José"},"geometry":{"type":"Polygon","coordinates":[[[-45.83013,-23.21589],[-45.82881,-23.21298],[-45.82685,-23.20008],[-45.82591,-23.19981],[-45.82017,-23.20669],[-45.81843,-23.21175],[-45.81588,-23.21494],[-45.81377,-23.21455],[-45.81455,-23.21675],[-45.81237,-23.21553],[-45.81297,-23.22547],[-45.81485,-23.22572],[-45.8158,-23.22397],[-45.81865,-23.22441],[-45.81875,-23.22789],[-45.82248,-23.22868],[-45.82403,-23.22566],[-45.82221,-23.2244],[-45.82078,-23.22128],[-45.82871,-23.21931],[-45.83013,-23.21589]]]}},{"type":"Feature","properties":{"id":254,"nome":"São Francisco Xavier"},"geometry":{"type":"Polygon","coordinates":[[[-45.96012,-22.91334],[-45.9592,-22.9126],[-45.95785,-22.91639],[-45.95923,-22.91706],[-45.96012,-22.91334]]]}},{"type":"Feature","properties":{"id":255,"nome":"Torrão de Ouro II"},"geometry":{"type":"Polygon","coordinates":[[[-45.84711,-23.26794],[-45.84446,-23.26638],[-45.83801,-23.26572],[-45.82931,-23.26541],[-45.82408,-23.26709],[-45.81558,-23.27493],[-45.80287,-23.29318],[-45.81116,-23.28875],[-45.82332,-23.29543],[-45.83463,-23.2933],[-45.83482,-23.29726],[-45.84148,-23.30229],[-45.84711,-23.26794]]]}},{"type":"Feature","properties":{"id":256,"nome":"Urbanova"},"geometry":{"type":"Polygon","coordinates":[[[-45.9539,-23.20477],[-45.95252,-23.20356],[-45.95142,-23.20482],[-45.95192,-23.20321],[-45.95028,-23.20338],[-45.95049,-23.20182],[-45.94684,-23.19862],[-45.94533,-23.19965],[-45.94256,-23.19945],[-45.9427,-23.19296],[-45.94006,-23.19218],[-45.93857,-23.18984],[-45.93454,-23.19075],[-45.93452,-23.19521],[-45.92961,-23.19372],[-45.92642,-23.19695],[-45.93466,-23.19654],[-45.93507,-23.19944],[-45.93746,-23.19713],[-45.9389,-23.1992],[-45.94076,-23.19891],[-45.94172,-23.2014],[-45.94015,-23.20302],[-45.93878,-23.20146],[-45.93631,-23.20222],[-45.93905,-23.2069],[-45.94255,-23.22044],[-45.94612,-23.22397],[-45.94891,-23.21421],[-45.94802,-23.21177],[-45.9539,-23.20477]],[[-45.94729,-23.20095],[-45.94692,-23.20871],[-45.94672,-23.20922],[-45.9464,-23.20233],[-45.94538,-23.20192],[-45.94479,-23.20339],[-45.94445,-23.20174],[-45.94729,-23.20095]]]}},{"type":"Feature","properties":{"id":257,"nome":"Urbanova I"},"geometry":{"type":"MultiPolygon","coordinates":[[[[-45.93452,-23.19521],[-45.93441,-23.19061],[-45.92926,-23.18983],[-45.92961,-23.19372],[-45.93159,-23.19502],[-45.93452,-23.19521]]],[[[-45.94172,-23.2014],[-45.94076,-23.19891],[-45.9389,-23.1992],[-45.93746,-23.19713],[-45.93507,-23.19944],[-45.93466,-23.19654],[-45.93199,-23.19733],[-45.93322,-23.19994],[-45.93631,-23.20222],[-45.93878,-23.20146],[-45.94015,-23.20302],[-45.94172,-23.2014]]]]}},{"type":"Feature","properties":{"id":258,"nome":"Urbanova III"},"geometry":{"type":"Polygon","coordinates":[[[-45.95572,-23.20362],[-45.95364,-23.20092],[-45.95236,-23.20185],[-45.95079,-23.20066],[-45.95083,-23.19906],[-45.9482,-23.19829],[-45.94752,-23.19382],[-45.94578,-23.19375],[-45.94557,-23.198],[-45.95032,-23.20159],[-45.95028,-23.20338],[-45.95192,-23.20321],[-45.95142,-23.20482],[-45.95252,-23.20356],[-45.9539,-23.20477],[-45.95572,-23.20362]]]}},{"type":"Feature","properties":{"id":259,"nome":"Urbanova IV-A"},"geometry":{"type":"Polygon","coordinates":[[[-45.95484,-23.22641],[-45.95457,-23.21667],[-45.94947,-23.21574],[-45.94891,-23.21421],[-45.94612,-23.22397],[-45.94875,-23.22562],[-45.95484,-23.22641]]]}},{"type":"Feature","properties":{"id":260,"nome":"Urbanova V"},"geometry":{"type":"Polygon","coordinates":[[[-45.96569,-23.22545],[-45.96108,-23.22498],[-45.95979,-23.2194],[-45.95505,-23.22093],[-45.95491,-23.21967],[-45.95484,-23.22641],[-45.96509,-23.22906],[-45.96569,-23.22545]]]}},{"type":"Feature","properties":{"id":261,"nome":"Urbanova VI"},"geometry":{"type":"Polygon","coordinates":[[[-45.95513,-23.19792],[-45.95122,-23.19271],[-45.94752,-23.19382],[-45.9482,-23.19829],[-45.95318,-23.20052],[-45.95513,-23.19792]]]}},{"type":"Feature","properties":{"id":262,"nome":"Urbanova VII"},"geometry":{"type":"Polygon","coordinates":[[[-45.96834,-23.20718],[-45.9682,-23.20163],[-45.96163,-23.19573],[-45.95513,-23.19792],[-45.95318,-23.20052],[-45.95083,-23.19906],[-45.95079,-23.20066],[-45.95236,-23.20185],[-45.95334,-23.20077],[-45.95502,-23.20192],[-45.95572,-23.20362],[-45.95488,-23.20401],[-45.96233,-23.20573],[-45.96514,-23.20331],[-45.96834,-23.20718]]]}},{"type":"Feature","properties":{"id":263,"nome":"Vila Adriana"},"geometry":{"type":"Polygon","coordinates":[[[-45.82408,-23.26709],[-45.82385,-23.25932],[-45.8213,-23.25034],[-45.81538,-23.24736],[-45.81273,-23.249],[-45.81245,-23.25174],[-45.81426,-23.25631],[-45.81558,-23.27493],[-45.82408,-23.26709]]]}},{"type":"Feature","properties":{"id":264,"nome":"Vila Adyana"},"geometry":{"type":"Polygon","coordinates":[[[-45.89775,-23.19637],[-45.89459,-23.19446],[-45.89508,-23.19181],[-45.89226,-23.19424],[-45.89042,-23.19398],[-45.89158,-23.195],[-45.88987,-23.19659],[-45.89122,-23.19809],[-45.89133,-23.20146],[-45.89391,-23.20231],[-45.89443,-23.20389],[-45.89611,-23.20338],[-45.89654,-23.20201],[-45.89378,-23.19754],[-45.89515,-23.19767],[-45.89555,-23.19611],[-45.89775,-23.19637]]]}},{"type":"Feature","properties":{"id":265,"nome":"Vila Alexandrina"},"geometry":{"type":"MultiPolygon","coordinates":[[[[-45.89057,-23.16309],[-45.88868,-23.16191],[-45.88506,-23.16171],[-45.88911,-23.1664],[-45.89057,-23.16309]]],[[[-45.89682,-23.16313],[-45.89495,-23.16286],[-45.89461,-23.16152],[-45.89287,-23.16143],[-45.89322,-23.16443],[-45.89682,-23.16313]]]]}},{"type":"Feature","properties":{"id":266,"nome":"Vila Betânia"},"geometry":{"type":"Polygon","coordinates":[[[-45.89538,-23.21087],[-45.89416,-23.2058],[-45.89328,-23.20759],[-45.89189,-23.20503],[-45.88996,-23.20575],[-45.88707,-23.20415],[-45.88537,-23.20571],[-45.88623,-23.20769],[-45.88977,-23.20992],[-45.89005,-23.21254],[-45.89155,-23.21292],[-45.89538,-23.21087]]]}},{"type":"Feature","properties":{"id":267,"nome":"Vila Cardoso"},"geometry":{"type":"Polygon","coordinates":[[[-45.88391,-23.19471],[-45.88243,-23.1921],[-45.88326,-23.19063],[-45.88137,-23.18809],[-45.8775,-23.18647],[-45.87651,-23.18835],[-45.87173,-23.18894],[-45.87253,-23.1903],[-45.87398,-23.18968],[-45.87584,-23.19439],[-45.87722,-23.19534],[-45.88391,-23.19471]]]}},{"type":"Feature","properties":{"id":268,"nome":"Vila Cristina"},"geometry":{"type":"Polygon","coordinates":[[[-45.89048,-23.15623],[-45.88408,-23.14498],[-45.86825,-23.15431],[-45.869,-23.15561],[-45.88393,-23.16103],[-45.88942,-23.15926],[-45.89048,-23.15623]]]}},{"type":"Feature","properties":{"id":269,"nome":"Vila Cândida"},"geometry":{"type":"Polygon","coordinates":[[[-45.90793,-23.14265],[-45.90458,-23.14033],[-45.9045,-23.14161],[-45.89873,-23.14448],[-45.89216,-23.14162],[-45.88712,-23.14452],[-45.89427,-23.15198],[-45.89713,-23.1528],[-45.89831,-23.1517],[-45.89952,-23.14509],[-45.90664,-23.14541],[-45.90793,-23.14265]]]}},{"type":"Feature","properties":{"id":270,"nome":"Vila Dirce"},"geometry":{"type":"MultiPolygon","coordinates":[[[[-45.90799,-23.15763],[-45.90709,-23.15606],[-45.90571,-23.1567],[-45.90644,-23.15801],[-45.90799,-23.15763]]],[[[-45.91531,-23.15785],[-45.91377,-23.15857],[-45.91233,-23.15628],[-45.91063,-23.15909],[-45.9111,-23.16059],[-45.91507,-23.15955],[-45.91531,-23.15785]]]]}},{"type":"Feature","properties":{"id":271,"nome":"Vila Ema"},"geometry":{"type":"Polygon","coordinates":[[[-45.90435,-23.20643],[-45.90261,-23.20293],[-45.89908,-23.20241],[-45.89694,-23.20443],[-45.89901,-23.20427],[-45.90039,-23.20648],[-45.89731,-23.21073],[-45.90048,-23.20921],[-45.90267,-23.21048],[-45.90413,-23.20884],[-45.90435,-23.20643]]]}},{"type":"Feature","properties":{"id":272,"nome":"Vila Ester"},"geometry":{"type":"Polygon","coordinates":[[[-45.8565,-23.14972],[-45.84892,-23.14155],[-45.83499,-23.13812],[-45.8295,-23.15009],[-45.83584,-23.16439],[-45.8364,-23.16862],[-45.83486,-23.1703],[-45.83543,-23.17121],[-45.84219,-23.16803],[-45.85313,-23.1554],[-45.8565,-23.14972]]]}},{"type":"Feature","properties":{"id":273,"nome":"Vila Guaianazes"},"geometry":{"type":"Polygon","coordinates":[[[-45.90039,-23.20648],[-45.89901,-23.20427],[-45.89694,-23.20444],[-45.89872,-23.20777],[-45.90039,-23.20648]]]}},{"type":"Feature","properties":{"id":274,"nome":"Vila Guarani"},"geometry":{"type":"Polygon","coordinates":[[[-45.87844,-23.17424],[-45.87817,-23.17339],[-45.87311,-23.16518],[-45.87321,-23.17531],[-45.87178,-23.17684],[-45.86836,-23.17582],[-45.86891,-23.17847],[-45.87174,-23.17899],[-45.87241,-23.17729],[-45.87551,-23.17711],[-45.87844,-23.17424]]]}},{"type":"Feature","properties":{"id":275,"nome":"Vila Higienópolis"},"geometry":{"type":"Polygon","coordinates":[[[-45.89767,-23.19807],[-45.89775,-23.19637],[-45.89501,-23.19648],[-45.89583,-23.19828],[-45.89767,-23.19807]]]}},{"type":"Feature","properties":{"id":276,"nome":"Vila Industrial"},"geometry":{"type":"Polygon","coordinates":[[[-45.86891,-23.17847],[-45.8671,-23.17388],[-45.86491,-23.17657],[-45.86096,-23.17808],[-45.86033,-23.17574],[-45.85503,-23.17397],[-45.85285,-23.17615],[-45.85388,-23.17781],[-45.85159,-23.17947],[-45.85125,-23.18116],[-45.85464,-23.18066],[-45.85859,-23.18351],[-45.86074,-23.18366],[-45.86142,-23.18219],[-45.86488,-23.18039],[-45.86644,-23.18451],[-45.86891,-23.17847]]]}},{"type":"Feature","properties":{"id":277,"nome":"Vila Iracema"},"geometry":{"type":"Polygon","coordinates":[[[-45.83242,-23.24528],[-45.82772,-23.24415],[-45.82426,-23.24944],[-45.82716,-23.25083],[-45.82837,-23.25333],[-45.83023,-23.25233],[-45.82933,-23.2514],[-45.83133,-23.2494],[-45.82962,-23.24844],[-45.83242,-23.24528]]]}},{"type":"Feature","properties":{"id":278,"nome":"Vila Jaci"},"geometry":{"type":"Polygon","coordinates":[[[-45.89461,-23.16152],[-45.89437,-23.1594],[-45.89289,-23.16053],[-45.89211,-23.15956],[-45.88525,-23.16169],[-45.89461,-23.16152]]]}},{"type":"Feature","properties":{"id":279,"nome":"Vila Letônia"},"geometry":{"type":"Polygon","coordinates":[[[-45.88958,-23.21271],[-45.88667,-23.21356],[-45.88713,-23.2151],[-45.88882,-23.21419],[-45.88958,-23.21271]]]}},{"type":"Feature","properties":{"id":280,"nome":"Vila Lourdes da Silva Monteiro (São Francisco Xavier)"},"geometry":{"type":"Polygon","coordinates":[[[-45.96589,-22.91169],[-45.95783,-22.90618],[-45.95783,-22.90618],[-45.95833,-22.90845],[-45.96086,-22.91119],[-45.96589,-22.91169]]]}},{"type":"Feature","properties":{"id":281,"nome":"Vila Maria"},"geometry":{"type":"Polygon","coordinates":[[[-45.88563,-23.17363],[-45.88233,-23.17433],[-45.87817,-23.17339],[-45.87833,-23.17702],[-45.87593,-23.17622],[-45.87481,-23.17975],[-45.87611,-23.18144],[-45.87724,-23.17847],[-45.88051,-23.17957],[-45.88424,-23.17859],[-45.88563,-23.17363]],[[-45.88115,-23.1752],[-45.88036,-23.17685],[-45.88036,-23.17685],[-45.88017,-23.17486],[-45.88115,-23.1752]]]}},{"type":"Feature","properties":{"id":282,"nome":"Vila Mascarenhas Ferraz"},"geometry":{"type":"Polygon","coordinates":[[[-45.89909,-23.18264],[-45.89224,-23.17627],[-45.89067,-23.17699],[-45.89747,-23.18341],[-45.89909,-23.18264]]]}},{"type":"Feature","properties":{"id":283,"nome":"Vila Monterrey"},"geometry":{"type":"Polygon","coordinates":[[[-45.80219,-23.23472],[-45.80131,-23.22822],[-45.79524,-23.2253],[-45.79513,-23.22325],[-45.79112,-23.22361],[-45.79172,-23.22591],[-45.79647,-23.22882],[-45.80219,-23.23472]]]}},{"type":"Feature","properties":{"id":284,"nome":"Vila Nair"},"geometry":{"type":"Polygon","coordinates":[[[-45.88662,-23.21101],[-45.88527,-23.20991],[-45.88635,-23.20905],[-45.8857,-23.20627],[-45.88415,-23.20534],[-45.88283,-23.20726],[-45.87442,-23.21197],[-45.88167,-23.21861],[-45.88353,-23.2186],[-45.88577,-23.21727],[-45.88581,-23.21522],[-45.8842,-23.21685],[-45.88377,-23.21604],[-45.8841,-23.21435],[-45.88507,-23.21463],[-45.8864,-23.21266],[-45.8833,-23.21313],[-45.87848,-23.21076],[-45.88428,-23.20995],[-45.88499,-23.21166],[-45.88662,-23.21101]]]}},{"type":"Feature","properties":{"id":285,"nome":"Vila Nova Conceição"},"geometry":{"type":"Polygon","coordinates":[[[-45.89005,-23.21254],[-45.88977,-23.20992],[-45.88623,-23.20769],[-45.88628,-23.20934],[-45.88527,-23.20991],[-45.88661,-23.21239],[-45.89005,-23.21254]]]}},{"type":"Feature","properties":{"id":286,"nome":"Vila Nova Cristina"},"geometry":{"type":"Polygon","coordinates":[[[-45.89229,-23.15681],[-45.89048,-23.15623],[-45.8903,-23.15859],[-45.89172,-23.15872],[-45.89229,-23.15681]]]}},{"type":"Feature","properties":{"id":287,"nome":"Vila Nova São José"},"geometry":{"type":"MultiPolygon","coordinates":[[[[-45.87774,-23.17739],[-45.87785,-23.17544],[-45.87593,-23.17596],[-45.87774,-23.17739]]],[[[-45.88115,-23.1752],[-45.88017,-23.17486],[-45.88036,-23.17685],[-45.88115,-23.1752]]]]}},{"type":"Feature","properties":{"id":288,"nome":"Vila Paiva"},"geometry":{"type":"Polygon","coordinates":[[[-45.91346,-23.13898],[-45.91087,-23.138],[-45.91092,-23.13614],[-45.90326,-23.13477],[-45.90458,-23.14033],[-45.90793,-23.14265],[-45.91179,-23.14218],[-45.91182,-23.14014],[-45.91346,-23.13898]]]}},{"type":"Feature","properties":{"id":289,"nome":"Vila Patrícia"},"geometry":{"type":"Polygon","coordinates":[[[-45.83552,-23.17148],[-45.83393,-23.16996],[-45.82936,-23.16938],[-45.83212,-23.1757],[-45.83504,-23.17543],[-45.83552,-23.17148]]]}},{"type":"Feature","properties":{"id":290,"nome":"Vila Progresso"},"geometry":{"type":"MultiPolygon","coordinates":[[[[-45.87487,-23.1854],[-45.87367,-23.18484],[-45.87258,-23.18624],[-45.87318,-23.18661],[-45.87487,-23.1854]]],[[[-45.8774,-23.1865],[-45.87573,-23.18528],[-45.87537,-23.18549],[-45.87578,-23.18714],[-45.8774,-23.1865]]]]}},{"type":"Feature","properties":{"id":291,"nome":"Vila Rangel"},"geometry":{"type":"Polygon","coordinates":[[[-45.8944,-23.15913],[-45.89434,-23.15729],[-45.89358,-23.1558],[-45.89172,-23.15872],[-45.89289,-23.16053],[-45.8944,-23.15913]]]}},{"type":"Feature","properties":{"id":292,"nome":"Vila Rica"},"geometry":{"type":"Polygon","coordinates":[[[-45.84152,-23.24866],[-45.83791,-23.24391],[-45.83382,-23.24448],[-45.83265,-23.24809],[-45.83511,-23.25037],[-45.83859,-23.25115],[-45.84152,-23.24866]]]}},{"type":"Feature","properties":{"id":293,"nome":"Vila Rossi"},"geometry":{"type":"Polygon","coordinates":[[[-45.88911,-23.1664],[-45.88393,-23.16103],[-45.869,-23.15561],[-45.87036,-23.15845],[-45.88372,-23.16966],[-45.88713,-23.17057],[-45.88911,-23.1664]]]}},{"type":"Feature","properties":{"id":294,"nome":"Vila Rubi"},"geometry":{"type":"Polygon","coordinates":[[[-45.89443,-23.20389],[-45.89391,-23.20231],[-45.89133,-23.20146],[-45.88951,-23.20259],[-45.89017,-23.20539],[-45.89189,-23.20503],[-45.89249,-23.20375],[-45.89443,-23.20389]]]}},{"type":"Feature","properties":{"id":295,"nome":"Vila Sanches"},"geometry":{"type":"MultiPolygon","coordinates":[[[[-45.88793,-23.20191],[-45.88616,-23.20057],[-45.88491,-23.20092],[-45.88415,-23.20534],[-45.88537,-23.20571],[-45.88793,-23.20191]]],[[[-45.89017,-23.20539],[-45.88967,-23.20339],[-45.88759,-23.2045],[-45.88805,-23.20523],[-45.89017,-23.20539]]]]}},{"type":"Feature","properties":{"id":296,"nome":"Vila Santa Helena"},"geometry":{"type":"Polygon","coordinates":[[[-45.89107,-23.17817],[-45.89048,-23.17663],[-45.88963,-23.17671],[-45.88953,-23.17781],[-45.89107,-23.17817]]]}},{"type":"Feature","properties":{"id":297,"nome":"Vila Santa Rita"},"geometry":{"type":"Polygon","coordinates":[[[-45.90765,-23.19181],[-45.9069,-23.18981],[-45.90249,-23.18555],[-45.90321,-23.19221],[-45.9048,-23.194],[-45.90765,-23.19181]]]}},{"type":"Feature","properties":{"id":298,"nome":"Vila Sinhá"},"geometry":{"type":"MultiPolygon","coordinates":[[[[-45.90644,-23.15801],[-45.90349,-23.15664],[-45.90186,-23.15748],[-45.90343,-23.1614],[-45.90587,-23.16011],[-45.90644,-23.15801]]],[[[-45.91236,-23.1557],[-45.91124,-23.15519],[-45.90956,-23.15818],[-45.91063,-23.15909],[-45.91236,-23.1557]]]]}},{"type":"Feature","properties":{"id":299,"nome":"Vila São Benedito"},"geometry":{"type":"Polygon","coordinates":[[[-45.86884,-23.19589],[-45.86625,-23.19285],[-45.86146,-23.19348],[-45.86418,-23.19576],[-45.86242,-23.19894],[-45.86607,-23.19928],[-45.86884,-23.19589]]]}},{"type":"Feature","properties":{"id":300,"nome":"Vila São Bento"},"geometry":{"type":"Polygon","coordinates":[[[-45.88167,-23.21861],[-45.87442,-23.21197],[-45.86826,-23.21618],[-45.86377,-23.2312],[-45.86433,-23.23627],[-45.86756,-23.23646],[-45.87485,-23.23171],[-45.87733,-23.22829],[-45.8776,-23.2252],[-45.88031,-23.22392],[-45.88167,-23.21861]]]}},{"type":"Feature","properties":{"id":301,"nome":"Vila São Geraldo"},"geometry":{"type":"Polygon","coordinates":[[[-45.91373,-23.14909],[-45.91337,-23.14637],[-45.91165,-23.14508],[-45.91208,-23.14265],[-45.90755,-23.14416],[-45.90664,-23.14541],[-45.89958,-23.14513],[-45.90149,-23.15063],[-45.89713,-23.1528],[-45.90011,-23.15387],[-45.90139,-23.15223],[-45.90334,-23.15263],[-45.90167,-23.1544],[-45.9033,-23.15423],[-45.90396,-23.15306],[-45.90669,-23.15334],[-45.908,-23.15107],[-45.91064,-23.14947],[-45.91373,-23.14909]],[[-45.90185,-23.14906],[-45.90488,-23.1507],[-45.90343,-23.15193],[-45.90185,-23.14906]]]}},{"type":"Feature","properties":{"id":302,"nome":"Vila São Pedro"},"geometry":{"type":"Polygon","coordinates":[[[-45.87129,-23.19431],[-45.86931,-23.19278],[-45.86997,-23.19129],[-45.86895,-23.18996],[-45.86313,-23.1887],[-45.86274,-23.19269],[-45.8669,-23.19316],[-45.86884,-23.19589],[-45.87129,-23.19431]]]}},{"type":"Feature","properties":{"id":303,"nome":"Vila Tatetuba"},"geometry":{"type":"Polygon","coordinates":[[[-45.85859,-23.18351],[-45.85464,-23.18066],[-45.85158,-23.18134],[-45.84594,-23.18034],[-45.84488,-23.18181],[-45.84651,-23.19479],[-45.85531,-23.1943],[-45.85726,-23.19058],[-45.85641,-23.18597],[-45.85859,-23.18351]]]}},{"type":"Feature","properties":{"id":304,"nome":"Vila Terezinha"},"geometry":{"type":"Polygon","coordinates":[[[-45.88664,-23.17073],[-45.88372,-23.16966],[-45.87036,-23.15845],[-45.87817,-23.17339],[-45.88233,-23.17433],[-45.88563,-23.17363],[-45.88664,-23.17073]]]}},{"type":"Feature","properties":{"id":305,"nome":"Vila Tesouro"},"geometry":{"type":"Polygon","coordinates":[[[-45.85313,-23.1554],[-45.84219,-23.16803],[-45.83552,-23.17148],[-45.84085,-23.1715],[-45.84155,-23.17278],[-45.843,-23.17279],[-45.84277,-23.17158],[-45.8457,-23.17033],[-45.85313,-23.1554]]]}},{"type":"Feature","properties":{"id":306,"nome":"Vila Unidos"},"geometry":{"type":"Polygon","coordinates":[[[-46.10719,-23.09563],[-46.10466,-23.08418],[-46.09422,-23.08407],[-46.09044,-23.07846],[-46.09139,-23.06581],[-46.07594,-23.03686],[-46.08222,-23.03356],[-46.08045,-23.02527],[-46.07061,-23.01397],[-46.07112,-23.00803],[-46.0663,-22.99444],[-46.07026,-22.99338],[-46.07068,-22.98875],[-46.08175,-22.98493],[-46.07705,-22.97716],[-46.06671,-22.97972],[-46.05758,-22.97182],[-45.98911,-23.00841],[-45.98816,-23.04002],[-45.99454,-23.07249],[-46.07123,-23.14591],[-46.09711,-23.15232],[-46.09135,-23.14283],[-46.09723,-23.13698],[-46.09502,-23.13254],[-46.10068,-23.1254],[-46.09299,-23.11991],[-46.10356,-23.11702],[-46.09954,-23.10897],[-46.10719,-23.09563]]]}},{"type":"Feature","properties":{"id":307,"nome":"Vila Veneziani"},"geometry":{"type":"MultiPolygon","coordinates":[[[[-45.90334,-23.15263],[-45.90139,-23.15223],[-45.90011,-23.15387],[-45.90167,-23.1544],[-45.90334,-23.15263]]],[[[-45.90488,-23.1507],[-45.90377,-23.14934],[-45.90185,-23.14906],[-45.90343,-23.15193],[-45.90488,-23.1507]]]]}},{"type":"Feature","properties":{"id":308,"nome":"Vila Zizinha"},"geometry":{"type":"Polygon","coordinates":[[[-45.90469,-23.17761],[-45.90252,-23.17199],[-45.89921,-23.16997],[-45.89163,-23.17219],[-45.90209,-23.18051],[-45.90469,-23.17761]]]}},{"type":"Feature","properties":{"id":309,"nome":"Vila das Flores"},"geometry":{"type":"Polygon","coordinates":[[[-45.89264,-23.29227],[-45.89164,-23.28969],[-45.88791,-23.28758],[-45.88519,-23.28441],[-45.87781,-23.28429],[-45.87681,-23.29923],[-45.89137,-23.29691],[-45.89264,-23.29227]]]}},{"type":"Feature","properties":{"id":310,"nome":"Águas da Prata"},"geometry":{"type":"Polygon","coordinates":[[[-45.90285,-23.26364],[-45.90138,-23.26219],[-45.90138,-23.26219],[-45.90194,-23.26394],[-45.90285,-23.26364]]]}},{"type":"Feature","properties":{"id":311,"nome":"Área Rural de São Francisco Xavier"},"geometry":{"type":"Polygon","coordinates":[[[-45.95588,-22.9109],[-45.88858,-22.86389],[-45.88748,-22.87063],[-45.88847,-22.87533],[-45.87858,-22.87498],[-45.87058,-22.87081],[-45.86973,-22.88145],[-45.86329,-22.89222],[-45.87443,-22.9037],[-45.87717,-22.91423],[-45.87713,-22.92079],[-45.88136,-22.92629],[-45.95329,-22.91552],[-45.95588,-22.9109]]]}},{"type":"Feature","properties":{"id":312,"nome":"Área Rural de São José dos Campos"},"geometry":{"type":"Polygon","coordinates":[[[-45.87456,-23.19532],[-45.87294,-23.1952],[-45.87178,-23.19562],[-45.87392,-23.19728],[-45.87456,-23.19532]]]}}]}